店名,地址,網址,餐飲類型,來源清單,是否曾去過,距離住家(公里),人均消費預估(元),備註
一甲子餐飲,108台灣臺北市萬華區新起里康定路79號,https://www.google.com/maps/place/%E4%B8%80%E7%94%B2%E5%AD%90%E9%A4%90%E9%A3%B2/data=!4m2!3m1!1s0x3442a9a8056bcd4f:0x8f4c4821513d97e8,其他,DenQ,是,58.84,150,
大狗麵線（石牌店）,112台灣臺北市北投區振華里石牌路二段62號,https://www.google.com/maps/place/%E5%A4%A7%E7%8B%97%E9%BA%B5%E7%B7%9A%EF%BC%88%E7%9F%B3%E7%89%8C%E5%BA%97%EF%BC%89/data=!4m2!3m1!1s0x3442af054308f6d3:0xfe251322e90b7662,中式,DenQ,是,64.07,120,
大狗麵線（芝山店）,111台灣臺北市士林區德行里福華路162-2號1樓,https://www.google.com/maps/place/%E5%A4%A7%E7%8B%97%E9%BA%B5%E7%B7%9A%EF%BC%88%E8%8A%9D%E5%B1%B1%E5%BA%97%EF%BC%89/data=!4m2!3m1!1s0x3442af6826976b51:0x76a362ae1bbdc090,中式,DenQ,是,63.95,120,
懷舊中卷麵線,333004台灣桃園市龜山區大湖里文興路46號,https://www.google.com/maps/place/%E6%87%B7%E8%88%8A%E4%B8%AD%E5%8D%B7%E9%BA%B5%E7%B7%9A/data=!4m2!3m1!1s0x3442a7d80725d609:0x5c28ba69a8a26dab,中式,DenQ,是,47.73,120,
無名麵線糊豆花,302台灣新竹縣竹北市竹仁里中正東路69號號旁,https://www.google.com/maps/place/%E7%84%A1%E5%90%8D%E9%BA%B5%E7%B7%9A%E7%B3%8A%E8%B1%86%E8%8A%B1/data=!4m2!3m1!1s0x346836c26fc44681:0xbd5b1a01ddf242d4,中式,IG,是,4.98,120,智明
打鋼貴倪 創意食堂,300台灣新竹市東區育賢里民族路33-32號,https://www.google.com/maps/place/%E6%89%93%E9%8B%BC%E8%B2%B4%E5%80%AA+%E5%89%B5%E6%84%8F%E9%A3%9F%E5%A0%82/data=!4m2!3m1!1s0x346835b288b1445b:0x7629b4da846ce808,義式,IG,是,1.24,350,"智明
三杯雞義大利麵"
Seed Bakery 麵包籽 新竹光埔店,300台灣新竹市東區埔頂里慈濟路193號,https://www.google.com/maps/place/Seed+Bakery+%E9%BA%B5%E5%8C%85%E7%B1%BD+%E6%96%B0%E7%AB%B9%E5%85%89%E5%9F%94%E5%BA%97/data=!4m2!3m1!1s0x3468372d38e83579:0xc4cc424f29bed38,中式,IG,是,4.94,120,"智明
海鹽奶油卷"
貓的堅持（新竹店）創意輕藥膳養生料理,300台灣新竹市東區西大路63號,https://www.google.com/maps/place/%E8%B2%93%E7%9A%84%E5%A0%85%E6%8C%81%EF%BC%88%E6%96%B0%E7%AB%B9%E5%BA%97%EF%BC%89%E5%89%B5%E6%84%8F%E8%BC%95%E8%97%A5%E8%86%B3%E9%A4%8A%E7%94%9F%E6%96%99%E7%90%86/data=!4m2!3m1!1s0x346835005b53c5ff:0xac779dbfc7485ee4,其他,IG,是,2.29,150,小葉
劉家莊燜雞,305台灣新竹縣新埔鎮照門里九芎湖六鄰十六之二號,https://www.google.com/maps/place/%E5%8A%89%E5%AE%B6%E8%8E%8A%E7%87%9C%E9%9B%9E/data=!4m2!3m1!1s0x34683a407d359755:0x130a8bb00df1c4a0,其他,IG,是,14.0,150,
永晝手工義大利麵,"之一，1樓, No. 65號光復路一段525巷 East District, 東區新竹市台灣 300",https://www.google.com/maps/place/%E6%B0%B8%E6%99%9D%E6%89%8B%E5%B7%A5%E7%BE%A9%E5%A4%A7%E5%88%A9%E9%BA%B5/data=!4m2!3m1!1s0x34683766d881cfbf:0x91dfd6e77bfeeb8e,義式,IG,是,5.48,350,
好日紫日式咖哩,300台灣新竹市東區北大路35號1F,https://www.google.com/maps/place/%E5%A5%BD%E6%97%A5%E7%B4%AB%E6%97%A5%E5%BC%8F%E5%92%96%E5%93%A9/data=!4m2!3m1!1s0x3468357f639e354b:0x27a600d11400474a,日式,IG,是,0.38,300,
8818 Pizza Restaurant 比薩屋,700台灣臺南市中西區南門里南門路60號,https://www.google.com/maps/place/8818+Pizza+Restaurant+%E6%AF%94%E8%96%A9%E5%B1%8B/data=!4m2!3m1!1s0x346e768067800ecb:0x58a1c6513ff4abae,義式,YTer,是,218.41,350,"夢多 MondoTV
志明/炸雞"
銘師父餐廳,973台灣花蓮縣吉安鄉太昌村明義六街38巷22號,https://www.google.com/maps/place/%E9%8A%98%E5%B8%AB%E7%88%B6%E9%A4%90%E5%BB%B3/data=!4m2!3m1!1s0x34689f9ea966570d:0x48717f4c2db48308,其他,YTer,是,108.64,150,賴爸/台式套餐
牛老大涮牛肉-高雄總店 /高雄必吃美食/火鍋/必比登推介,801台灣高雄市前金區長生里自強二路18號,https://www.google.com/maps/place/%E7%89%9B%E8%80%81%E5%A4%A7%E6%B6%AE%E7%89%9B%E8%82%89-%E9%AB%98%E9%9B%84%E7%B8%BD%E5%BA%97+%2F%E9%AB%98%E9%9B%84%E5%BF%85%E5%90%83%E7%BE%8E%E9%A3%9F%2F%E7%81%AB%E9%8D%8B%2F%E5%BF%85%E6%AF%94%E7%99%BB%E6%8E%A8%E4%BB%8B/data=!4m2!3m1!1s0x346e047de299933d:0xa11b81fdb3980b6e,中式,YTer,是,253.49,450,ricky&nina 要預訂牛舌
助壽司丼 (原文山店團隊),807台灣高雄市三民區本和里明誠一路377號,https://www.google.com/maps/place/%E5%8A%A9%E5%A3%BD%E5%8F%B8%E4%B8%BC+(%E5%8E%9F%E6%96%87%E5%B1%B1%E5%BA%97%E5%9C%98%E9%9A%8A)/data=!4m2!3m1!1s0x346e05d5a0d45001:0x8c548925a35758ac,日式,YTer,是,248.73,300,ricky&nina 平價
阿男的店牛雜湯,88142台灣澎湖縣西嶼鄉1725號,https://www.google.com/maps/place/%E9%98%BF%E7%94%B7%E7%9A%84%E5%BA%97%E7%89%9B%E9%9B%9C%E6%B9%AF/data=!4m2!3m1!1s0x346c59d6c4f3d279:0x337ae58e6ea397aa,中式,YTer,是,200.11,120,丁特
阿華漁村海鮮料理,880台灣澎湖縣馬公市啟明里仁愛路25號,https://www.google.com/maps/place/%E9%98%BF%E8%8F%AF%E6%BC%81%E6%9D%91%E6%B5%B7%E9%AE%AE%E6%96%99%E7%90%86/data=!4m2!3m1!1s0x346c5af2c99a9f43:0x4b123e317b4a00a,中式,YTer,是,199.26,450,丁特
來福海鮮餐廳,880台灣澎湖縣馬公市光復里新村路43號,https://www.google.com/maps/place/%E4%BE%86%E7%A6%8F%E6%B5%B7%E9%AE%AE%E9%A4%90%E5%BB%B3/data=!4m2!3m1!1s0x346c5aee0f72a46b:0x125bde65d011541d,中式,YTer,是,198.69,450,丁特
龍星餐廳,880台灣澎湖縣馬公市中興里治平路15-6號,https://www.google.com/maps/place/%E9%BE%8D%E6%98%9F%E9%A4%90%E5%BB%B3/data=!4m2!3m1!1s0x346c5af21b23bb35:0x53ff1fa84fef2ebe,其他,YTer,是,198.85,150,丁特
合苑餐廳（人氣餐廳、澎湖必吃美食、在地人推薦、特色料理）,880台灣澎湖縣馬公市重慶里海埔路15號,https://www.google.com/maps/place/%E5%90%88%E8%8B%91%E9%A4%90%E5%BB%B3%EF%BC%88%E4%BA%BA%E6%B0%A3%E9%A4%90%E5%BB%B3%E3%80%81%E6%BE%8E%E6%B9%96%E5%BF%85%E5%90%83%E7%BE%8E%E9%A3%9F%E3%80%81%E5%9C%A8%E5%9C%B0%E4%BA%BA%E6%8E%A8%E8%96%A6%E3%80%81%E7%89%B9%E8%89%B2%E6%96%99%E7%90%86%EF%BC%89/data=!4m2!3m1!1s0x346c5aed61f5ac3f:0xd861331323472948,其他,YTer,是,198.07,150,丁特
澎湖三哥雞排三多店,880台灣澎湖縣馬公市朝陽里三多路75-2號,https://www.google.com/maps/place/%E6%BE%8E%E6%B9%96%E4%B8%89%E5%93%A5%E9%9B%9E%E6%8E%92%E4%B8%89%E5%A4%9A%E5%BA%97/data=!4m2!3m1!1s0x346c5af33b2cae41:0xf43fe89df7099d7e,其他,YTer,是,197.74,150,丁特
拾貳鮮 鮮魚湯專賣店,880台灣澎湖縣馬公市重慶里民權路48號,https://www.google.com/maps/place/%E6%8B%BE%E8%B2%B3%E9%AE%AE+%E9%AE%AE%E9%AD%9A%E6%B9%AF%E5%B0%88%E8%B3%A3%E5%BA%97/data=!4m2!3m1!1s0x346c5bdb13004287:0x149df2c23533ea12,中式,YTer,是,199.18,120,丁特
八吃蝦-台中流水蝦吃到飽餐廳,40760台灣臺中市西屯區西墩里漢翔路326號,https://www.google.com/maps/place/%E5%85%AB%E5%90%83%E8%9D%A6-%E5%8F%B0%E4%B8%AD%E6%B5%81%E6%B0%B4%E8%9D%A6%E5%90%83%E5%88%B0%E9%A3%BD%E9%A4%90%E5%BB%B3/data=!4m2!3m1!1s0x3469176bb85c3047:0xc29da6abb45d197b,其他,YTer,是,77.85,150,蝦土豆
價值設計 VALUE DESIGN,403台灣臺中市西區公平里大業北路11號,https://www.google.com/maps/place/%E5%83%B9%E5%80%BC%E8%A8%AD%E8%A8%88+VALUE+DESIGN/data=!4m2!3m1!1s0x34693d0dd6117f99:0xe420452c2efaf0e1,其他,YTer,是,80.39,150,超認真少年
佐佐ぎょうざ日式煎餃專賣店(無訂位）,350台灣苗栗縣竹南鎮山下里科專八路300號,https://www.google.com/maps/place/%E4%BD%90%E4%BD%90%E3%81%8E%E3%82%87%E3%81%86%E3%81%96%E6%97%A5%E5%BC%8F%E7%85%8E%E9%A4%83%E5%B0%88%E8%B3%A3%E5%BA%97(%E7%84%A1%E8%A8%82%E4%BD%8D%EF%BC%89/data=!4m2!3m1!1s0x34684dadd67d8db9:0x632301e1bb33945b,日式,YTer,是,14.46,300,波妞
阿枝烤肉,350台灣苗栗縣竹南鎮正南里中正路183號,https://www.google.com/maps/place/%E9%98%BF%E6%9E%9D%E7%83%A4%E8%82%89/data=!4m2!3m1!1s0x3469b322f1b45d1d:0x2de06e89e0b2d906,其他,YTer,是,17.81,150,波妞 雞腿排
海味羹,35041台灣苗栗縣竹南鎮竹南里民族街90號,https://www.google.com/maps/place/%E6%B5%B7%E5%91%B3%E7%BE%B9/data=!4m2!3m1!1s0x3469b3629871aeb7:0xe201c674a220eea2,中式,YTer,是,17.36,120,波妞
竹南福州包,350台灣苗栗縣竹南鎮竹南里民權街36號,https://www.google.com/maps/place/%E7%AB%B9%E5%8D%97%E7%A6%8F%E5%B7%9E%E5%8C%85/data=!4m2!3m1!1s0x3469b33ca7236bc9:0x435f7856cb5f0759,中式,YTer,是,17.36,120,波妞
伴 Life partner（下午時段只供應甜點及飲品）,350台灣苗栗縣竹南鎮大埔里科專二路291號,https://www.google.com/maps/place/%E4%BC%B4+Life+partner%EF%BC%88%E4%B8%8B%E5%8D%88%E6%99%82%E6%AE%B5%E5%8F%AA%E4%BE%9B%E6%87%89%E7%94%9C%E9%BB%9E%E5%8F%8A%E9%A3%B2%E5%93%81%EF%BC%89/data=!4m2!3m1!1s0x34684bd093bdd717:0x33b674a36b4c83f4,其他,YTer,是,13.53,150,波妞 提拉米蘇
阿瑩斤餅專門店,350台灣苗栗縣竹南鎮大埔里大埔七街128號,https://www.google.com/maps/place/%E9%98%BF%E7%91%A9%E6%96%A4%E9%A4%85%E5%B0%88%E9%96%80%E5%BA%97/data=!4m2!3m1!1s0x34684d02de8e8b1f:0x55b5980a7e262a3c,其他,YTer,是,14.4,150,波妞
蟳仔肉 吉 蟳仔腳,300台灣新竹市北區北新街31號,https://www.google.com/maps/place/%E8%9F%B3%E4%BB%94%E8%82%89+%E5%90%89+%E8%9F%B3%E4%BB%94%E8%85%B3/data=!4m2!3m1!1s0x34683537fae1b247:0x9756f8949cefeb81,其他,YTer,是,2.16,150,波妞
糖癮糖餅-新竹美食 新竹小吃 新竹下午茶 新竹甜品 新竹糖餅,300台灣新竹市東區興南里德成街3號騎樓號,https://www.google.com/maps/place/%E7%B3%96%E7%99%AE%E7%B3%96%E9%A4%85-%E6%96%B0%E7%AB%B9%E7%BE%8E%E9%A3%9F+%E6%96%B0%E7%AB%B9%E5%B0%8F%E5%90%83+%E6%96%B0%E7%AB%B9%E4%B8%8B%E5%8D%88%E8%8C%B6+%E6%96%B0%E7%AB%B9%E7%94%9C%E5%93%81+%E6%96%B0%E7%AB%B9%E7%B3%96%E9%A4%85/data=!4m2!3m1!1s0x346835709211d907:0xcaa413920699e42d,中式,YTer,是,1.91,120,波妞
汪家魚丸湯、包餡魚丸零售,300台灣新竹市北區客雅里延平路一段261巷8弄15號,https://www.google.com/maps/place/%E6%B1%AA%E5%AE%B6%E9%AD%9A%E4%B8%B8%E6%B9%AF%E3%80%81%E5%8C%85%E9%A4%A1%E9%AD%9A%E4%B8%B8%E9%9B%B6%E5%94%AE/data=!4m2!3m1!1s0x34683599bc5821f9:0x2535cec9801f8028,中式,YTer,是,2.68,120,波妞
漁郎生魚片,928台灣屏東縣東港鎮朝隆路39號331號攤 華僑市場356攤東港漁港漁產品直銷中心（華僑市場）,https://www.google.com/maps/place/%E6%BC%81%E9%83%8E%E7%94%9F%E9%AD%9A%E7%89%87/data=!4m2!3m1!1s0x3471e185863ce389:0xea08ec7b1dfa864b,日式,YTer,是,266.62,300,賴爸
二の丸安兵衛,"3 Chome-12-17 Nishikujo, Konohana Ward, Osaka, 554-0012日本",https://www.google.com/maps/place/%E4%BA%8C%E3%81%AE%E4%B8%B8%E5%AE%89%E5%85%B5%E8%A1%9B/data=!4m2!3m1!1s0x6000e7c068cb8db3:0xbf295b7009e37caa,日式,YTer,是,1774.66,300,騏哥蛇丸
Naniwa Omuraisu,"3 Chome-11-27 Minamisenba, Chuo Ward, Osaka, 542-0081日本",https://www.google.com/maps/place/Naniwa+Omuraisu/data=!4m2!3m1!1s0x6000e71a23415555:0x60b3835c1d9a8a5d,日式,YTer,是,1776.79,300,騏哥蛇丸
Mel Coffee Roasters,"1 Chome-20-4 Shinmachi, Nishi Ward, Osaka, 550-0013日本",https://www.google.com/maps/place/Mel+Coffee+Roasters/data=!4m2!3m1!1s0x6000e704a2e2719f:0x64504cba1ee4b720,其他,YTer,是,1776.41,150,騏哥蛇丸
大阪難波凱悅嘉薈酒店,"2-7-5 Nipponbashi, Chuo Ward, Osaka, 542-0073日本",https://www.google.com/maps/place/%E5%A4%A7%E9%98%AA%E9%9B%A3%E6%B3%A2%E5%87%B1%E6%82%85%E5%98%89%E8%96%88%E9%85%92%E5%BA%97/data=!4m2!3m1!1s0x6000e774747c83e9:0xe765c48d38776c3a,其他,YTer,是,1776.34,未知,騏哥蛇丸
"Sojibō, Shinshu Soba Restaurant","日本〒549-0011 Osaka, Sennan District, Tajiri, Senshukukonaka, 1 関西国際空港旅客ターミナルビル 2F","https://www.google.com/maps/place/Sojib%C5%8D,+Shinshu+Soba+Restaurant/data=!4m2!3m1!1s0x6000b9fb834803f9:0x7822775a98d5d1d0",日式,YTer,是,1741.48,300,騏哥蛇丸
大直小館,10491台灣臺北市中山區大直里北安路535號之 1 號,https://www.google.com/maps/place/%E5%A4%A7%E7%9B%B4%E5%B0%8F%E9%A4%A8/data=!4m2!3m1!1s0x3442ac05971371f5:0xda64e7b130009573,其他,YTer,是,64.86,150,貝姬 蘿蔔糕
阿城鵝肉,104台灣臺北市中山區中吉里吉林路105號,https://www.google.com/maps/place/%E9%98%BF%E5%9F%8E%E9%B5%9D%E8%82%89/data=!4m2!3m1!1s0x3442a95dec299d8f:0x9a3740ecab3f2e0,中式,YTer,是,62.17,120,貝姬
Ryukyusushi Tsukijiaozorasandaime Makishishitamachiyataimura,"日本〒900-0013 Okinawa, Naha, Makishi, 3 Chome−2−48-4 下町屋台村",https://www.google.com/maps/place/Ryukyusushi+Tsukijiaozorasandaime+Makishishitamachiyataimura/data=!4m2!3m1!1s0x34e5690014c62069:0x1216b11b9cbd52a0,其他,YTer,是,691.52,150,館長
牧志下町屋台村,"日本〒900-0013 Okinawa, Naha, Makishi, 3 Chome−2−48 4号",https://www.google.com/maps/place/%E7%89%A7%E5%BF%97%E4%B8%8B%E7%94%BA%E5%B1%8B%E5%8F%B0%E6%9D%91/data=!4m2!3m1!1s0x34e5699d261e67d9:0xbb3a59536b299581,其他,YTer,是,691.5,150,館長 11號青空三代目
天久琉貿樂市,"日本〒900-0005 Okinawa, Naha, Ameku, 1 Chome−2−1 りうぼう楽市店内 １階",https://www.google.com/maps/place/%E5%A4%A9%E4%B9%85%E7%90%89%E8%B2%BF%E6%A8%82%E5%B8%82/data=!4m2!3m1!1s0x34e56bd0dab11e8d:0x6d3bff0ebc417127,其他,YTer,是,691.96,150,館長
Sports Depo Ameku,"1 Chome-2-1 Ameku, Naha, Okinawa 900-0005日本",https://www.google.com/maps/place/Sports+Depo+Ameku/data=!4m2!3m1!1s0x34e56bd1272f5da3:0xc2cf61dc3d9a4c49,其他,YTer,是,691.94,150,館長
まぐろ屋みーかがん 道の駅いとまん店,"4 Chome-19-1 Nishizakicho, Itoman, Okinawa 901-0306日本",https://www.google.com/maps/place/%E3%81%BE%E3%81%90%E3%82%8D%E5%B1%8B%E3%81%BF%E3%83%BC%E3%81%8B%E3%81%8C%E3%82%93+%E9%81%93%E3%81%AE%E9%A7%85%E3%81%84%E3%81%A8%E3%81%BE%E3%82%93%E5%BA%97/data=!4m2!3m1!1s0x34e567ef6e492943:0x3bb19ce8a46b64e2,其他,YTer,是,687.14,150,館長
希ラーメン拉麵,813台灣高雄市左營區廟東里蓮潭路121號,https://www.google.com/maps/place/%E5%B8%8C%E3%83%A9%E3%83%BC%E3%83%A1%E3%83%B3%E6%8B%89%E9%BA%B5/data=!4m2!3m1!1s0x346e059e682c6089:0x51b20dab3021bda5,日式,YTer,是,246.74,250,蛇丸
余足古早味豆花,813台灣高雄市左營區西陵街140號,https://www.google.com/maps/place/%E4%BD%99%E8%B6%B3%E5%8F%A4%E6%97%A9%E5%91%B3%E8%B1%86%E8%8A%B1/data=!4m2!3m1!1s0x346e059c0574df29:0x39d4e0676acf0cf5,其他,YTer,是,246.56,150,蛇丸
老牌牛乳大王,813台灣高雄市左營區頂西里左營大路332號,https://www.google.com/maps/place/%E8%80%81%E7%89%8C%E7%89%9B%E4%B9%B3%E5%A4%A7%E7%8E%8B/data=!4m2!3m1!1s0x346e059eb6a0f4c7:0x28c429445c827e8,其他,YTer,是,246.74,150,蛇丸
今年貴焿左營大路店,813台灣高雄市左營區埤西里左營大路63號,https://www.google.com/maps/place/%E4%BB%8A%E5%B9%B4%E8%B2%B4%E7%84%BF%E5%B7%A6%E7%87%9F%E5%A4%A7%E8%B7%AF%E5%BA%97/data=!4m2!3m1!1s0x346e05a2e6679a3d:0xcb9acce8253148be,其他,YTer,是,247.38,150,蛇丸
三牛牛肉麵,813台灣高雄市左營區埤東里勝利路85號,https://www.google.com/maps/place/%E4%B8%89%E7%89%9B%E7%89%9B%E8%82%89%E9%BA%B5/data=!4m2!3m1!1s0x346e05a140bf1e6b:0x22fbf7e032da9bc1,中式,YTer,是,247.62,120,蛇丸
汾陽餛飩,813台灣高雄市左營區埤西里左營大路84號,https://www.google.com/maps/place/%E6%B1%BE%E9%99%BD%E9%A4%9B%E9%A3%A9/data=!4m2!3m1!1s0x346e05a28cf64d31:0x78379da41a30631b,中式,YTer,是,247.31,120,蛇丸
舊城傳統美食,813台灣高雄市左營區城南里店仔頂路3號,https://www.google.com/maps/place/%E8%88%8A%E5%9F%8E%E5%82%B3%E7%B5%B1%E7%BE%8E%E9%A3%9F/data=!4m2!3m1!1s0x346e05a2090e9edb:0x5fbd783fc2f91161,其他,YTer,是,247.23,150,蛇丸
博多名代 吉塚鰻魚屋,"2 Chome-8-27 Nakasu, Hakata Ward, Fukuoka, 810-0801日本",https://www.google.com/maps/place/%E5%8D%9A%E5%A4%9A%E5%90%8D%E4%BB%A3+%E5%90%89%E5%A1%9A%E9%B0%BB%E9%AD%9A%E5%B1%8B/data=!4m2!3m1!1s0x35419195186bd411:0xfde6a1ce650943d4,日式,YTer,是,1336.94,600,蛇丸
元祖拉麵 長濱家,"10-242 Kamikawabatamachi, Hakata Ward, Fukuoka, 812-0026日本",https://www.google.com/maps/place/%E5%85%83%E7%A5%96%E6%8B%89%E9%BA%B5+%E9%95%B7%E6%BF%B1%E5%AE%B6/data=!4m2!3m1!1s0x35419195285fb90b:0xb73e55b3559bab18,日式,YTer,是,1336.98,250,蛇丸
Kisekinotebasaki Sararimanyokochodaimyouten,,https://www.google.com/maps/place/Kisekinotebasaki+Sararimanyokochodaimyouten/data=!4m2!3m1!1s0x354191869e1b1895:0xd8dc18632ecb9acf,其他,YTer,是,未知,150,蛇丸
Ganso Hakata Mentaiju Nishinakasu,"6-15 Nishinakasu, Chuo Ward, Fukuoka, 810-0002日本",https://www.google.com/maps/place/Ganso+Hakata+Mentaiju+Nishinakasu/data=!4m2!3m1!1s0x35419193dbe0b793:0xde0bd15c9081b8fc,其他,YTer,是,1336.58,150,蛇丸
10 COFFEE BREWERS 大名店,"6-39 Chuomachi, Beppu, Oita 874-0936日本",https://www.google.com/maps/place/10+COFFEE+BREWERS+%E5%A4%A7%E5%90%8D%E5%BA%97/data=!4m2!3m1!1s0x3541916ef6cef5ed:0xdda3cd6a5815350f,其他,YTer,是,1388.45,150,蛇丸
JACK IN THE DONUTS 福岡天神店,"2 Chome-1-44 Daimyo, Chuo Ward, Fukuoka, 810-0041日本",https://www.google.com/maps/place/JACK+IN+THE+DONUTS+%E7%A6%8F%E5%B2%A1%E5%A4%A9%E7%A5%9E%E5%BA%97/data=!4m2!3m1!1s0x3541910068b27c97:0x9783b8a1477dd65d,其他,YTer,是,1335.82,150,蛇丸
新宿焼肉 牛たんの檸檬大阪本店,"日本〒542-0074 Osaka, Chuo Ward, Sennichimae, 2 Chome−5−2 日本一歯科センタービル 1F",https://www.google.com/maps/place/%E6%96%B0%E5%AE%BF%E7%84%BC%E8%82%89+%E7%89%9B%E3%81%9F%E3%82%93%E3%81%AE%E6%AA%B8%E6%AA%AC%E5%A4%A7%E9%98%AA%E6%9C%AC%E5%BA%97/data=!4m2!3m1!1s0x6000e794d34c011d:0x86caa4374bc449e8,其他,YTer,是,1776.48,150,黑木太太
稚加榮 福岡店,"2 Chome-2-17 Daimyo, Chuo Ward, Fukuoka, 810-0041日本",https://www.google.com/maps/place/%E7%A8%9A%E5%8A%A0%E6%A6%AE+%E7%A6%8F%E5%B2%A1%E5%BA%97/data=!4m2!3m1!1s0x3541918713dabcc7:0xc1e91a5c0e1cdb9e,其他,YTer,是,1335.46,150,蛇丸
娥嬤炖鰻 （原昌吉紅燒鰻）,103台灣臺北市大同區斯文里昌吉街51號,https://www.google.com/maps/place/%E5%A8%A5%E5%AC%A4%E7%82%96%E9%B0%BB+%EF%BC%88%E5%8E%9F%E6%98%8C%E5%90%89%E7%B4%85%E7%87%92%E9%B0%BB%EF%BC%89/data=!4m2!3m1!1s0x3442a94710ed14b5:0xbbcc94aa5968e53a,其他,YTer,是,61.36,150,Fred
圓環龍鳳滷肉飯,242台灣新北市新莊區昌明里福壽街167號,https://www.google.com/maps/place/%E5%9C%93%E7%92%B0%E9%BE%8D%E9%B3%B3%E6%BB%B7%E8%82%89%E9%A3%AF/data=!4m2!3m1!1s0x3442a88864f5679b:0xeb022c0ac28cd256,中式,YTer,是,55.51,120,Fred
圓環龍鳳號,247台灣新北市蘆洲區中華里正和街9號,https://www.google.com/maps/place/%E5%9C%93%E7%92%B0%E9%BE%8D%E9%B3%B3%E8%99%9F/data=!4m2!3m1!1s0x3442a8c84eea6445:0x6677fe7a2791f4d7,其他,YTer,是,58.2,150,Fred
龍凰號,103台灣臺北市大同區星明里重慶北路二段53號,https://www.google.com/maps/place/%E9%BE%8D%E5%87%B0%E8%99%9F/data=!4m2!3m1!1s0x3442a96b3562a21d:0xfa204556c2df00ce,其他,YTer,是,60.66,150,Fred
三元號魯肉飯,103台灣臺北市大同區星明里重慶北路二段11號,https://www.google.com/maps/place/%E4%B8%89%E5%85%83%E8%99%9F%E9%AD%AF%E8%82%89%E9%A3%AF/data=!4m2!3m1!1s0x3442a96b53d1c9b5:0x6942d152898b5419,中式,YTer,是,60.63,120,Fred
紅昌吉豬血湯,103台灣臺北市大同區蓬萊里昌吉街46號,https://www.google.com/maps/place/%E7%B4%85%E6%98%8C%E5%90%89%E8%B1%AC%E8%A1%80%E6%B9%AF/data=!4m2!3m1!1s0x3442a9471c3a485d:0xb48de9febd757320,中式,YTer,是,61.39,120,Fred
簡家大龍峒肉圓,103台灣臺北市大同區至聖里大龍街188號1樓,https://www.google.com/maps/place/%E7%B0%A1%E5%AE%B6%E5%A4%A7%E9%BE%8D%E5%B3%92%E8%82%89%E5%9C%93/data=!4m2!3m1!1s0x3442a947dcd32999:0x14f72d848cf5ffc6,中式,YTer,是,61.47,120,Fred
元祖 牛腸鍋 樂天地天神 今泉總本店,"日本〒810-0021 Fukuoka, Chuo Ward, Imaizumi, 1 Chome−19−18 楽天地ビル ２階",https://www.google.com/maps/place/%E5%85%83%E7%A5%96+%E7%89%9B%E8%85%B8%E9%8D%8B+%E6%A8%82%E5%A4%A9%E5%9C%B0%E5%A4%A9%E7%A5%9E+%E4%BB%8A%E6%B3%89%E7%B8%BD%E6%9C%AC%E5%BA%97/data=!4m2!3m1!1s0x354191844ef1e58b:0xa6e4ac1a473fdd95,其他,YTer,是,1335.69,150,蛇丸
Yagura,"2 Chome-9-28 Hakata Ekimae, Hakata Ward, Fukuoka, 812-0011日本",https://www.google.com/maps/place/Yagura/data=!4m2!3m1!1s0x354191c09efc8041:0x28225e7c546db9cd,日式,YTer,是,1337.24,250,蛇丸 豬排丼飯 烏龍麵
葉隱烏龍麵,"2 Chome-3-32 Hakataekiminami, Hakata Ward, Fukuoka, 812-0016日本",https://www.google.com/maps/place/%E8%91%89%E9%9A%B1%E7%83%8F%E9%BE%8D%E9%BA%B5/data=!4m2!3m1!1s0x354191b6c660c81f:0x3a06517eb6968b8f,中式,YTer,是,1337.32,120,蛇丸
元祖番茄拉麵 三味 博多車站東店,"日本〒812-0013 Fukuoka, Hakata Ward, Hakataekihigashi, 2 Chome−9−6 1F",https://www.google.com/maps/place/%E5%85%83%E7%A5%96%E7%95%AA%E8%8C%84%E6%8B%89%E9%BA%B5+%E4%B8%89%E5%91%B3+%E5%8D%9A%E5%A4%9A%E8%BB%8A%E7%AB%99%E6%9D%B1%E5%BA%97/data=!4m2!3m1!1s0x354191909d9a387d:0x65a3200fc323f276,其他,YTer,是,1337.6,未知,蛇丸
手工漢堡排 牛丸 大名店,"日本〒810-0041 Fukuoka, Chuo Ward, Daimyo, 2 Chome−1−31 赤坂門ＡＩビル 1F",https://www.google.com/maps/place/%E6%89%8B%E5%B7%A5%E6%BC%A2%E5%A0%A1%E6%8E%92+%E7%89%9B%E4%B8%B8+%E5%A4%A7%E5%90%8D%E5%BA%97/data=!4m2!3m1!1s0x354191865aed585f:0xb308de0555f12ac0,美式,YTer,是,1335.62,400,蛇丸
Gyukatsu Motomura,244台灣新北市林口區南勢里文化三路一段356號GF樓,https://www.google.com/maps/place/Gyukatsu+Motomura/data=!4m2!3m1!1s0x35419185c5b81855:0x192298f2b40408e8,其他,YTer,是,48.62,150,蛇丸
天麩羅処ひらお 大名店,"2 Chome-6-20 Daimyo, Chuo Ward, Fukuoka, 810-0041日本",https://www.google.com/maps/place/%E5%A4%A9%E9%BA%A9%E7%BE%85%E5%87%A6%E3%81%B2%E3%82%89%E3%81%8A+%E5%A4%A7%E5%90%8D%E5%BA%97/data=!4m2!3m1!1s0x3541918640345837:0xff3f78d25372271e,其他,YTer,是,1335.68,150,蛇丸
新宿燒肉 牛舌の檸檬,"日本〒160-0023 Tokyo, Shinjuku City, Nishishinjuku, 7 Chome−16−12 YSビル B1F",https://www.google.com/maps/place/%E6%96%B0%E5%AE%BF%E7%87%92%E8%82%89+%E7%89%9B%E8%88%8C%E3%81%AE%E6%AA%B8%E6%AA%AC/data=!4m2!3m1!1s0x60188d29c40e3255:0x148f6cd600a5a08,其他,YTer,是,2161.23,150,黑木太太
特 ‧ 好喝 toptiertea 特好喝 林口一號店,333台灣桃園市龜山區文化里復興北路50號,https://www.google.com/maps/place/%E7%89%B9+%E2%80%A7+%E5%A5%BD%E5%96%9D+toptiertea+%E7%89%B9%E5%A5%BD%E5%96%9D+%E6%9E%97%E5%8F%A3%E4%B8%80%E8%99%9F%E5%BA%97/data=!4m2!3m1!1s0x3442a79ab4596a37:0xebb2d69f5eac2a7d,其他,YTer,是,48.19,150,丁特
孫太太。私料。慢火鍋,330台灣桃園市桃園區中山路546號,https://www.google.com/maps/place/%E5%AD%AB%E5%A4%AA%E5%A4%AA%E3%80%82%E7%A7%81%E6%96%99%E3%80%82%E6%85%A2%E7%81%AB%E9%8D%8B/data=!4m2!3m1!1s0x3468370dc47607e9:0x5200971c5769bf34,中式,YTer,是,38.23,450,jack
月夜岩 蟹懷石,10461台灣臺北市中山區雙城街25巷9號1樓,https://www.google.com/maps/place/%E6%9C%88%E5%A4%9C%E5%B2%A9+%E8%9F%B9%E6%87%B7%E7%9F%B3/data=!4m2!3m1!1s0x3442a9aae4e8de3f:0xc3cd70bd8cf8769c,其他,YTer,是,62.17,150,蛇丸
蝦老爹美式海鮮,106台灣臺北市大安區華聲里光復南路180巷11號,https://www.google.com/maps/place/%E8%9D%A6%E8%80%81%E7%88%B9%E7%BE%8E%E5%BC%8F%E6%B5%B7%E9%AE%AE/data=!4m2!3m1!1s0x3442abc6e3b30fef:0x1314ab0bce79752a,美式,YTer,是,63.96,400,蛇丸
超人鱸魚,231台灣新北市新店區北新路一段349號,https://www.google.com/maps/place/%E8%B6%85%E4%BA%BA%E9%B1%B8%E9%AD%9A/data=!4m2!3m1!1s0x346801f6205f6f85:0x23b160dd8e2473a4,其他,YTer,是,59.78,150,蛇丸
義大利米蘭手工窯烤披薩 台北中山店,10491台灣臺北市中山區中央里四平街55號2樓,https://www.google.com/maps/place/%E7%BE%A9%E5%A4%A7%E5%88%A9%E7%B1%B3%E8%98%AD%E6%89%8B%E5%B7%A5%E7%AA%AF%E7%83%A4%E6%8A%AB%E8%96%A9+%E5%8F%B0%E5%8C%97%E4%B8%AD%E5%B1%B1%E5%BA%97/data=!4m2!3m1!1s0x3442a9608d96d6fd:0xd1786f188d71b6d3,義式,YTer,是,62.32,350,"Ken
披薩、炸雞"
味留 熟成魚專門,"2號, 新台五路一段143巷2弄復興里汐止區新北市台灣 221",https://www.google.com/maps/place/%E5%91%B3%E7%95%99+%E7%86%9F%E6%88%90%E9%AD%9A%E5%B0%88%E9%96%80/data=!4m2!3m1!1s0x345d536997d0a889:0x262dc6bf6333745e,其他,YTer,是,73.79,150,打魚翔哥
玉林佶饗宴雞腿大王,108台灣臺北市萬華區萬壽里中華路一段114巷9號,https://www.google.com/maps/place/%E7%8E%89%E6%9E%97%E4%BD%B6%E9%A5%97%E5%AE%B4%E9%9B%9E%E8%85%BF%E5%A4%A7%E7%8E%8B/data=!4m2!3m1!1s0x3442a9095bff7177:0xe415d63d8809c468,其他,YTer,是,59.55,150,九面
豪記東山鴨頭,112台灣臺北市北投區振華里裕民一路7號,https://www.google.com/maps/place/%E8%B1%AA%E8%A8%98%E6%9D%B1%E5%B1%B1%E9%B4%A8%E9%A0%AD/data=!4m2!3m1!1s0x3442ae8c86703d67:0x4ae2d92f2c28c9fa,其他,YTer,是,64.14,150,痛風老饕：雞皮/鴨皮
西安街涼麵臭豆腐,112台灣臺北市北投區榮光里西安街一段279號,https://www.google.com/maps/place/%E8%A5%BF%E5%AE%89%E8%A1%97%E6%B6%BC%E9%BA%B5%E8%87%AD%E8%B1%86%E8%85%90/data=!4m2!3m1!1s0x3442ae8d7e2cc53f:0x8b6c67745e571827,中式,YTer,是,63.88,120,痛風老饕：蛋捲臭豆腐
慧昭牛舌餅,112台灣臺北市北投區永明里石牌路二段185號,https://www.google.com/maps/place/%E6%85%A7%E6%98%AD%E7%89%9B%E8%88%8C%E9%A4%85/data=!4m2!3m1!1s0x3442ae8bb849de47:0xf7a7d3d23616a297,其他,YTer,是,64.39,150,痛風老饕
313鵝肉擔（晚上開始營業，中午不休息）,,https://www.google.com/maps/place/313%E9%B5%9D%E8%82%89%E6%93%94%EF%BC%88%E6%99%9A%E4%B8%8A%E9%96%8B%E5%A7%8B%E7%87%9F%E6%A5%AD%EF%BC%8C%E4%B8%AD%E5%8D%88%E4%B8%8D%E4%BC%91%E6%81%AF%EF%BC%89/data=!4m2!3m1!1s0x3442ae8ebb3f4a81:0xe34566d6e2d4e54e,中式,YTer,是,未知,120,痛風老饕
陳季炸雞 石牌店,112台灣臺北市北投區振華里裕民一路12號,https://www.google.com/maps/place/%E9%99%B3%E5%AD%A3%E7%82%B8%E9%9B%9E+%E7%9F%B3%E7%89%8C%E5%BA%97/data=!4m2!3m1!1s0x3442ae8c85ba5a93:0x51d2902a96f94c9,其他,YTer,是,64.12,150,痛風老饕
洋石岩燒牛排 忠孝店,106台灣臺北市大安區車層里忠孝東路四段223巷10弄4號,https://www.google.com/maps/place/%E6%B4%8B%E7%9F%B3%E5%B2%A9%E7%87%92%E7%89%9B%E6%8E%92+%E5%BF%A0%E5%AD%9D%E5%BA%97/data=!4m2!3m1!1s0x3442ab43ed58331d:0x4efe10a987ba2996,美式,YTer,是,63.61,400,國棟
文賢米糕肉燥飯,704台灣臺南市北區文成里文賢路478號,https://www.google.com/maps/place/%E6%96%87%E8%B3%A2%E7%B1%B3%E7%B3%95%E8%82%89%E7%87%A5%E9%A3%AF/data=!4m2!3m1!1s0x346e765cd55c1eef:0xd09387207cc38f08,中式,YTer,是,216.33,120,痛風老饕-
60+ Tea Shop城中店,700台灣臺南市中西區南美里中正路110號,https://www.google.com/maps/place/60%2B+Tea+Shop%E5%9F%8E%E4%B8%AD%E5%BA%97/data=!4m2!3m1!1s0x346e77eee3eaf95b:0x5240c2ef2e10aeb0,其他,YTer,是,217.47,150,痛風老饕-
安平路65號鍋燒意麵,"號 No, No. 65安平路天妃里安平區臺南市台灣 708",https://www.google.com/maps/place/%E5%AE%89%E5%B9%B3%E8%B7%AF65%E8%99%9F%E9%8D%8B%E7%87%92%E6%84%8F%E9%BA%B5/data=!4m2!3m1!1s0x346e761b470a599d:0x8c05a32a240e0d40,中式,YTer,是,218.06,120,痛風老饕-
安平薛家擔仔麵,708台灣臺南市安平區天妃里安北路84號,https://www.google.com/maps/place/%E5%AE%89%E5%B9%B3%E8%96%9B%E5%AE%B6%E6%93%94%E4%BB%94%E9%BA%B5/data=!4m2!3m1!1s0x346e761cb3e6bf37:0x1a0bc418666af6f0,中式,YTer,是,217.84,120,痛風老饕-
蔡三毛豬血攤 府城王宮口支攤,700台灣臺南市中西區府前里保安路46號,https://www.google.com/maps/place/%E8%94%A1%E4%B8%89%E6%AF%9B%E8%B1%AC%E8%A1%80%E6%94%A4+%E5%BA%9C%E5%9F%8E%E7%8E%8B%E5%AE%AE%E5%8F%A3%E6%94%AF%E6%94%A4/data=!4m2!3m1!1s0x346e767b1c4b4df5:0x459a0d2a6889c3c2,中式,YTer,是,217.83,120,痛風老饕-
黃胖妞豬心,700台灣臺南市中西區開山里大同路一段40號,https://www.google.com/maps/place/%E9%BB%83%E8%83%96%E5%A6%9E%E8%B1%AC%E5%BF%83/data=!4m2!3m1!1s0x346e774f1d09cbc1:0x54759898bd10bf89,其他,YTer,是,217.58,150,痛風老饕-
44Bit四四拍唱片行 無訂位服務/早午餐/DJ教學/活動企劃,700台灣臺南市中西區府前路一段85巷26號內部1樓,https://www.google.com/maps/place/44Bit%E5%9B%9B%E5%9B%9B%E6%8B%8D%E5%94%B1%E7%89%87%E8%A1%8C+%E7%84%A1%E8%A8%82%E4%BD%8D%E6%9C%8D%E5%8B%99%2F%E6%97%A9%E5%8D%88%E9%A4%90%2FDJ%E6%95%99%E5%AD%B8%2F%E6%B4%BB%E5%8B%95%E4%BC%81%E5%8A%83/data=!4m2!3m1!1s0x346e772b753bb631:0x51cd263ccc43496b,其他,YTer,是,217.59,150,痛風老饕-飲料
阿枝米粉湯,116台灣臺北市文山區景行里景美街113號,https://www.google.com/maps/place/%E9%98%BF%E6%9E%9D%E7%B1%B3%E7%B2%89%E6%B9%AF/data=!4m2!3m1!1s0x3442aa00bd111c53:0x19ca2810f9165d,中式,YTer,是,60.44,120,痛風老饕
巷仔內米粉湯,116台灣臺北市文山區景行里景美街80號,https://www.google.com/maps/place/%E5%B7%B7%E4%BB%94%E5%85%A7%E7%B1%B3%E7%B2%89%E6%B9%AF/data=!4m2!3m1!1s0x3442aa00a29523fd:0x5deb005525eb3722,中式,YTer,是,60.43,120,痛風老饕
周記手工家常麵,100台灣臺北市中正區光復里漢口街一段80巷12之5號,https://www.google.com/maps/place/%E5%91%A8%E8%A8%98%E6%89%8B%E5%B7%A5%E5%AE%B6%E5%B8%B8%E9%BA%B5/data=!4m2!3m1!1s0x3442a90c9a9a0b27:0x3c2d5764f39b64d8,中式,YTer,是,59.96,120,痛風老饕
果果香,100台灣臺北市中正區黎明里信陽街26-9號,https://www.google.com/maps/place/%E6%9E%9C%E6%9E%9C%E9%A6%99/data=!4m2!3m1!1s0x3442a9733f97838b:0x152398e3702dc196,其他,YTer,是,60.25,150,
北北車魯肉飯,100台灣臺北市中正區黎明里公園路20巷21號,https://www.google.com/maps/place/%E5%8C%97%E5%8C%97%E8%BB%8A%E9%AD%AF%E8%82%89%E9%A3%AF/data=!4m2!3m1!1s0x3442a9731b2c95bf:0x654fb183da334e33,中式,YTer,是,60.36,120,痛風老饕
黑點雞肉,103台灣臺北市大同區建功里華亭街2號,https://www.google.com/maps/place/%E9%BB%91%E9%BB%9E%E9%9B%9E%E8%82%89/data=!4m2!3m1!1s0x3442a9132699e471:0x3bd3af4cd015fd89,其他,YTer,是,60.43,150,痛風老饕
69年老店麵攤（米粉湯）,103台灣臺北市大同區建明里華陰街101巷5號,https://www.google.com/maps/place/69%E5%B9%B4%E8%80%81%E5%BA%97%E9%BA%B5%E6%94%A4%EF%BC%88%E7%B1%B3%E7%B2%89%E6%B9%AF%EF%BC%89/data=!4m2!3m1!1s0x3442a96daf92404f:0x626b0e69dd385bb,中式,YTer,是,63.37,120,痛風老饕
鴨肉和,807台灣高雄市三民區鳳南里建國三路395-1號,https://www.google.com/maps/place/%E9%B4%A8%E8%82%89%E5%92%8C/data=!4m2!3m1!1s0x346e0461296541b3:0x1e664bd8c86a857d,中式,YTer,是,252.11,120,
阿萬意麵,807台灣高雄市三民區鳳南里三民街184號,https://www.google.com/maps/place/%E9%98%BF%E8%90%AC%E6%84%8F%E9%BA%B5/data=!4m2!3m1!1s0x346e04613499d847:0xc56b9d44e78d3b7d,中式,YTer,是,252.2,120,天菜娘娘-鹽水意麵
漁港23 海鮮炸物,270台灣宜蘭縣蘇澳鎮南安里漁港路23號,https://www.google.com/maps/place/%E6%BC%81%E6%B8%AF23+%E6%B5%B7%E9%AE%AE%E7%82%B8%E7%89%A9/data=!4m2!3m1!1s0x3467e92c98116f73:0xd65aad8aedd121a2,中式,YTer,是,94.07,450,阿達ADA
南方澳眼鏡．生魚片活海鮮,270台灣宜蘭縣蘇澳鎮南寧里漁港路32-2號,https://www.google.com/maps/place/%E5%8D%97%E6%96%B9%E6%BE%B3%E7%9C%BC%E9%8F%A1%EF%BC%8E%E7%94%9F%E9%AD%9A%E7%89%87%E6%B4%BB%E6%B5%B7%E9%AE%AE/data=!4m2!3m1!1s0x3467e9ad7061d489:0x4131fd307a89abf4,日式,YTer,是,94.06,300,阿達ADA
曾氏福建炒麵-關新店｜十年老字號｜臺灣第一福建炒麵品牌｜新竹快炒｜光復路美食｜熱炒｜竹科美食｜新竹美食｜炒飯,300台灣新竹市東區仙水里光復路一段431號,https://www.google.com/maps/place/%E6%9B%BE%E6%B0%8F%E7%A6%8F%E5%BB%BA%E7%82%92%E9%BA%B5-%E9%97%9C%E6%96%B0%E5%BA%97%EF%BD%9C%E5%8D%81%E5%B9%B4%E8%80%81%E5%AD%97%E8%99%9F%EF%BD%9C%E8%87%BA%E7%81%A3%E7%AC%AC%E4%B8%80%E7%A6%8F%E5%BB%BA%E7%82%92%E9%BA%B5%E5%93%81%E7%89%8C%EF%BD%9C%E6%96%B0%E7%AB%B9%E5%BF%AB%E7%82%92%EF%BD%9C%E5%85%89%E5%BE%A9%E8%B7%AF%E7%BE%8E%E9%A3%9F%EF%BD%9C%E7%86%B1%E7%82%92%EF%BD%9C%E7%AB%B9%E7%A7%91%E7%BE%8E%E9%A3%9F%EF%BD%9C%E6%96%B0%E7%AB%B9%E7%BE%8E%E9%A3%9F%EF%BD%9C%E7%82%92%E9%A3%AF/data=!4m2!3m1!1s0x34683743ca8e7bdb:0x6d6a7c1cbe2409eb,中式,YTer,是,5.57,450,蛇丸
曾氏福建炒麵-中正東店｜十年老字號｜臺灣第一福建炒麵品牌｜竹北中正東路美食｜快炒｜熱炒｜小吃｜炒飯,302台灣新竹縣竹北市竹仁里中正東路60號,https://www.google.com/maps/place/%E6%9B%BE%E6%B0%8F%E7%A6%8F%E5%BB%BA%E7%82%92%E9%BA%B5-%E4%B8%AD%E6%AD%A3%E6%9D%B1%E5%BA%97%EF%BD%9C%E5%8D%81%E5%B9%B4%E8%80%81%E5%AD%97%E8%99%9F%EF%BD%9C%E8%87%BA%E7%81%A3%E7%AC%AC%E4%B8%80%E7%A6%8F%E5%BB%BA%E7%82%92%E9%BA%B5%E5%93%81%E7%89%8C%EF%BD%9C%E7%AB%B9%E5%8C%97%E4%B8%AD%E6%AD%A3%E6%9D%B1%E8%B7%AF%E7%BE%8E%E9%A3%9F%EF%BD%9C%E5%BF%AB%E7%82%92%EF%BD%9C%E7%86%B1%E7%82%92%EF%BD%9C%E5%B0%8F%E5%90%83%EF%BD%9C%E7%82%92%E9%A3%AF/data=!4m2!3m1!1s0x346837c95056d2fb:0x67f7efe359ce2b09,中式,YTer,是,4.99,450,蛇丸
曾氏福建炒麵-鳳山店｜十年老字號｜臺灣第一福建炒麵品牌｜中山路美食｜鳳山美食｜小吃｜麵店,830台灣高雄市鳳山區興仁里五甲一路16號,https://www.google.com/maps/place/%E6%9B%BE%E6%B0%8F%E7%A6%8F%E5%BB%BA%E7%82%92%E9%BA%B5-%E9%B3%B3%E5%B1%B1%E5%BA%97%EF%BD%9C%E5%8D%81%E5%B9%B4%E8%80%81%E5%AD%97%E8%99%9F%EF%BD%9C%E8%87%BA%E7%81%A3%E7%AC%AC%E4%B8%80%E7%A6%8F%E5%BB%BA%E7%82%92%E9%BA%B5%E5%93%81%E7%89%8C%EF%BD%9C%E4%B8%AD%E5%B1%B1%E8%B7%AF%E7%BE%8E%E9%A3%9F%EF%BD%9C%E9%B3%B3%E5%B1%B1%E7%BE%8E%E9%A3%9F%EF%BD%9C%E5%B0%8F%E5%90%83%EF%BD%9C%E9%BA%B5%E5%BA%97/data=!4m2!3m1!1s0x346e1bc49645ed41:0x6193d63759b2caa7,中式,YTer,是,251.88,120,蛇丸
鳳山中山路港都牛肉麵,830台灣高雄市鳳山區和興里中山路90號,https://www.google.com/maps/place/%E9%B3%B3%E5%B1%B1%E4%B8%AD%E5%B1%B1%E8%B7%AF%E6%B8%AF%E9%83%BD%E7%89%9B%E8%82%89%E9%BA%B5/data=!4m2!3m1!1s0x346e1b46e431c211:0x16e6e20f21668d13,中式,YTer,是,251.83,120,"蛇丸
半筋半肉"
老張愛玉冰,830台灣高雄市鳳山區鎮西里信義街11號,https://www.google.com/maps/place/%E8%80%81%E5%BC%B5%E6%84%9B%E7%8E%89%E5%86%B0/data=!4m2!3m1!1s0x346e1b3816523d8d:0xf30f1533703a67b6,其他,YTer,是,251.38,150,蛇丸
橫油條創意美食-鳳山美食推薦|素食小吃|銅板小吃|創意料理|鮮奶麻糬|特色小吃|小吃推薦|首創料理,830台灣高雄市鳳山區中正路87號,https://www.google.com/maps/place/%E6%A9%AB%E6%B2%B9%E6%A2%9D%E5%89%B5%E6%84%8F%E7%BE%8E%E9%A3%9F-%E9%B3%B3%E5%B1%B1%E7%BE%8E%E9%A3%9F%E6%8E%A8%E8%96%A6%7C%E7%B4%A0%E9%A3%9F%E5%B0%8F%E5%90%83%7C%E9%8A%85%E6%9D%BF%E5%B0%8F%E5%90%83%7C%E5%89%B5%E6%84%8F%E6%96%99%E7%90%86%7C%E9%AE%AE%E5%A5%B6%E9%BA%BB%E7%B3%AC%7C%E7%89%B9%E8%89%B2%E5%B0%8F%E5%90%83%7C%E5%B0%8F%E5%90%83%E6%8E%A8%E8%96%A6%7C%E9%A6%96%E5%89%B5%E6%96%99%E7%90%86/data=!4m2!3m1!1s0x346e1b7c8dbe1601:0x618990a1b5ad1999,中式,YTer,是,251.4,120,蛇丸
倆伯羊肉,830台灣高雄市鳳山區新興里光遠路304號,https://www.google.com/maps/place/%E5%80%86%E4%BC%AF%E7%BE%8A%E8%82%89/data=!4m2!3m1!1s0x346e1b3f4d149013:0x320a9fa3c0a0d16a,中式,YTer,是,251.41,120,"蛇丸
三杯排骨/羊肉湯/沙茶羊肉/涼拌牛雜"
廣招英溫州餛飩 鳳山店,830台灣高雄市鳳山區新興里維新路155號,https://www.google.com/maps/place/%E5%BB%A3%E6%8B%9B%E8%8B%B1%E6%BA%AB%E5%B7%9E%E9%A4%9B%E9%A3%A9+%E9%B3%B3%E5%B1%B1%E5%BA%97/data=!4m2!3m1!1s0x346e1b3f5a71d879:0xbf22a2db2af10c1,中式,YTer,是,251.43,120,"蛇丸
餛飩湯/木瓜牛奶/肉圓"
樂法Le Phare - 大東店,830台灣高雄市鳳山區三民里光遠路165號,https://www.google.com/maps/place/%E6%A8%82%E6%B3%95Le+Phare+-+%E5%A4%A7%E6%9D%B1%E5%BA%97/data=!4m2!3m1!1s0x346e1b00612a62bf:0x983c325bdcd3390b,其他,YTer,是,251.43,150,"蛇丸
蘋果柳橙(老饕三倍蘋果)"
大東文化藝術中心,83057台灣高雄市鳳山區三民里光遠路161號,https://www.google.com/maps/place/%E5%A4%A7%E6%9D%B1%E6%96%87%E5%8C%96%E8%97%9D%E8%A1%93%E4%B8%AD%E5%BF%83/data=!4m2!3m1!1s0x346e1b3f790e2ff3:0xb81edd0b0258dc0a,其他,YTer,是,251.48,未知,蛇丸
許 天橋下當歸鴨,241台灣新北市三重區正義里自強路一段162號,https://www.google.com/maps/place/%E8%A8%B1+%E5%A4%A9%E6%A9%8B%E4%B8%8B%E7%95%B6%E6%AD%B8%E9%B4%A8/data=!4m2!3m1!1s0x3442a921a0035587:0x5d31ed59ead258b0,中式,YTer,是,59.51,120,蛇丸
正義台灣牛肉,241台灣新北市三重區龍門里龍門路144號,https://www.google.com/maps/place/%E6%AD%A3%E7%BE%A9%E5%8F%B0%E7%81%A3%E7%89%9B%E8%82%89/data=!4m2!3m1!1s0x3442a925f2c915df:0x3b131a8ed2233ea5,中式,YTer,是,60.13,120,"蛇丸
番茄炒牛肉/牛雜湯"
高家肉粥,241台灣新北市三重區正義里自強路一段168號,https://www.google.com/maps/place/%E9%AB%98%E5%AE%B6%E8%82%89%E7%B2%A5/data=!4m2!3m1!1s0x3442a9e0311989cb:0x2a2353eb301f8361,中式,YTer,是,59.5,120,蛇丸
忠義廟口清粥小菜,247台灣新北市蘆洲區忠義里長安街102巷,https://www.google.com/maps/place/%E5%BF%A0%E7%BE%A9%E5%BB%9F%E5%8F%A3%E6%B8%85%E7%B2%A5%E5%B0%8F%E8%8F%9C/data=!4m2!3m1!1s0x3442a970a8b4aa93:0x5e590f7ab063cfe6,其他,YTer,是,57.39,未知,"蛇丸
討論區推薦"
三重 正土味傳統手工豆花（勿電話訂餐，請加line@554htoih 線上點餐,241台灣新北市三重區福民里環河南路221巷25號,https://www.google.com/maps/place/%E4%B8%89%E9%87%8D+%E6%AD%A3%E5%9C%9F%E5%91%B3%E5%82%B3%E7%B5%B1%E6%89%8B%E5%B7%A5%E8%B1%86%E8%8A%B1%EF%BC%88%E5%8B%BF%E9%9B%BB%E8%A9%B1%E8%A8%82%E9%A4%90%EF%BC%8C%E8%AB%8B%E5%8A%A0line@554htoih+%E7%B7%9A%E4%B8%8A%E9%BB%9E%E9%A4%90/data=!4m2!3m1!1s0x3442a9029fe911fb:0x125184e8f1d3b9ff,其他,YTer,是,58.47,150,蛇丸
蘆洲忠義廟,247台灣新北市蘆洲區長安街106號,https://www.google.com/maps/place/%E8%98%86%E6%B4%B2%E5%BF%A0%E7%BE%A9%E5%BB%9F/data=!4m2!3m1!1s0x3442a8ba6918ff8d:0x7134f0baf8467aae,其他,YTer,是,57.31,未知,"蛇丸
晚上熱炒店"
台東老林記滷味麵食館,403台灣臺中市西區忠誠里精誠路3-2號,https://www.google.com/maps/place/%E5%8F%B0%E6%9D%B1%E8%80%81%E6%9E%97%E8%A8%98%E6%BB%B7%E5%91%B3%E9%BA%B5%E9%A3%9F%E9%A4%A8/data=!4m2!3m1!1s0x34693d9ad94cc0c9:0x884350086af1220b,中式,YTer,是,80.01,120,蛇丸
美村路魚市米糕,403台灣臺中市西區忠明里美村路一段52巷6號,https://www.google.com/maps/place/%E7%BE%8E%E6%9D%91%E8%B7%AF%E9%AD%9A%E5%B8%82%E7%B1%B3%E7%B3%95/data=!4m2!3m1!1s0x34693d9c68ba0a8d:0x26f326c77439caa1,中式,YTer,是,80.3,120,"米糕/小腸豬血湯
蛇丸"
激旨燒鳥 美村加盟店,403台灣臺中市西區忠明里美村路一段86號,https://www.google.com/maps/place/%E6%BF%80%E6%97%A8%E7%87%92%E9%B3%A5+%E7%BE%8E%E6%9D%91%E5%8A%A0%E7%9B%9F%E5%BA%97/data=!4m2!3m1!1s0x34693d9c165a0739:0x3cef33239b1f894e,其他,YTer,是,80.3,150,蛇丸
法大炸雞 Fukdup Fried Chicken - 精誠總店,40360台灣臺中市西區忠誠里精誠路11-3號,https://www.google.com/maps/place/%E6%B3%95%E5%A4%A7%E7%82%B8%E9%9B%9E+Fukdup+Fried+Chicken+-+%E7%B2%BE%E8%AA%A0%E7%B8%BD%E5%BA%97/data=!4m2!3m1!1s0x34693d55db05d155:0x9b9b31a2c9a308f3,其他,YTer,是,80.11,150,蛇丸
幻覺博物館-台中,403台灣臺中市西區忠誠里精誠路66號,https://www.google.com/maps/place/%E5%B9%BB%E8%A6%BA%E5%8D%9A%E7%89%A9%E9%A4%A8-%E5%8F%B0%E4%B8%AD/data=!4m2!3m1!1s0x34693d5fda791845:0xfd6609c779e1a346,其他,YTer,是,80.1,未知,蛇丸
一穗禾心製麵,403台灣臺中市西區忠誠里精誠三街1號,https://www.google.com/maps/place/%E4%B8%80%E7%A9%97%E7%A6%BE%E5%BF%83%E8%A3%BD%E9%BA%B5/data=!4m2!3m1!1s0x34693dc699c031af:0xfaf30723805ca934,中式,YTer,是,79.97,120,"滷排伴麵/炸餛飩/紫薯薄撐/鮮肉生煎包
蛇丸"
GG吉季韓國美食餐飲房,105台灣臺北市松山區民有里民生東路三段113巷6弄13號,https://www.google.com/maps/place/GG%E5%90%89%E5%AD%A3%E9%9F%93%E5%9C%8B%E7%BE%8E%E9%A3%9F%E9%A4%90%E9%A3%B2%E6%88%BF/data=!4m2!3m1!1s0x3442abe44a9e3321:0x71940b5a60df59da,韓式,YTer,是,63.65,350,"三家GG姊妹店/石鍋拌飯
徐海莉"
季吉GG韓國餐館,105台灣臺北市松山區精忠里民生東路四段56巷3弄16號,https://www.google.com/maps/place/%E5%AD%A3%E5%90%89GG%E9%9F%93%E5%9C%8B%E9%A4%90%E9%A4%A8/data=!4m2!3m1!1s0x3442abeeea8a6a51:0xf33add11c1c9eb45,韓式,YTer,是,64.23,350,"三家GG姊妹店/石鍋拌飯
徐海莉"
GG 季吉韓國美食餐飲房,105台灣臺北市松山區中華里敦化北路145巷9號,https://www.google.com/maps/place/GG+%E5%AD%A3%E5%90%89%E9%9F%93%E5%9C%8B%E7%BE%8E%E9%A3%9F%E9%A4%90%E9%A3%B2%E6%88%BF/data=!4m2!3m1!1s0x3442abe8f6ab1537:0x59624775029f1279,韓式,YTer,是,63.81,350,"三家GG姊妹店/石鍋拌飯
徐海莉"
韓華園-韓式中華料理 竹北店,302台灣新竹縣竹北市北崙里縣政十街96號1樓,https://www.google.com/maps/place/%E9%9F%93%E8%8F%AF%E5%9C%92-%E9%9F%93%E5%BC%8F%E4%B8%AD%E8%8F%AF%E6%96%99%E7%90%86+%E7%AB%B9%E5%8C%97%E5%BA%97/data=!4m2!3m1!1s0x346837a165b92625:0xf6b479876906741b,韓式,YTer,是,3.91,350,"炒碼麵/半半麵/糖醋肉
徐海莉"
BANCO 窯烤 Pizza 八德門市,105台灣臺北市松山區吉仁里八德路三段108號,https://www.google.com/maps/place/BANCO+%E7%AA%AF%E7%83%A4+Pizza+%E5%85%AB%E5%BE%B7%E9%96%80%E5%B8%82/data=!4m2!3m1!1s0x3442abc22f42bd9f:0xe5a345ae0d04f99,義式,YTer,是,63.93,350,"義大利麵、燉飯
徐海莉"
內灣圓樓人文客家餐廳,312003台灣新竹縣橫山鄉內灣村大同路99號,https://www.google.com/maps/place/%E5%85%A7%E7%81%A3%E5%9C%93%E6%A8%93%E4%BA%BA%E6%96%87%E5%AE%A2%E5%AE%B6%E9%A4%90%E5%BB%B3/data=!4m2!3m1!1s0x3468418ed6c005ab:0x9a9ec9229786979b,其他,YTer,是,24.15,150,賴爸
【腹響圓上海食府】亞太十大名廚｜頂級江浙料理｜上海名菜 (推薦 公館商圈 台大附近 捷運站美食 餐廳),106台灣臺北市大安區大學里新生南路三段86巷6號,https://www.google.com/maps/place/%E3%80%90%E8%85%B9%E9%9F%BF%E5%9C%93%E4%B8%8A%E6%B5%B7%E9%A3%9F%E5%BA%9C%E3%80%91%E4%BA%9E%E5%A4%AA%E5%8D%81%E5%A4%A7%E5%90%8D%E5%BB%9A%EF%BD%9C%E9%A0%82%E7%B4%9A%E6%B1%9F%E6%B5%99%E6%96%99%E7%90%86%EF%BD%9C%E4%B8%8A%E6%B5%B7%E5%90%8D%E8%8F%9C+(%E6%8E%A8%E8%96%A6+%E5%85%AC%E9%A4%A8%E5%95%86%E5%9C%88+%E5%8F%B0%E5%A4%A7%E9%99%84%E8%BF%91+%E6%8D%B7%E9%81%8B%E7%AB%99%E7%BE%8E%E9%A3%9F+%E9%A4%90%E5%BB%B3)/data=!4m2!3m1!1s0x3442a96c759596f1:0x84ee3c6e79fd8f83,其他,YTer,是,60.76,150,"東坡肉
徐海莉"
怪獸起司火雞烤冷麵,100台灣臺北市中正區忠勤里中華路二段307巷,https://www.google.com/maps/place/%E6%80%AA%E7%8D%B8%E8%B5%B7%E5%8F%B8%E7%81%AB%E9%9B%9E%E7%83%A4%E5%86%B7%E9%BA%B5/data=!4m2!3m1!1s0x3442af78612138df:0x3f96c9125a8f3a74,韓式,YTer,是,58.67,350,拿拿摳
花藏雪 手作雪氷,111台灣臺北市士林區仁勇里大北路27號,https://www.google.com/maps/place/%E8%8A%B1%E8%97%8F%E9%9B%AA+%E6%89%8B%E4%BD%9C%E9%9B%AA%E6%B0%B7/data=!4m2!3m1!1s0x3442aea537f6a5a3:0x70f0141713344a6c,其他,YTer,是,63.48,150,拿拿摳
燒烤杏鮑菇,111台灣臺北市士林區義信里大南路98號,https://www.google.com/maps/place/%E7%87%92%E7%83%A4%E6%9D%8F%E9%AE%91%E8%8F%87/data=!4m2!3m1!1s0x3442aebabd5a33cd:0x9638b326968530a1,其他,YTer,是,63.29,150,拿拿摳
簡記木瓜牛奶,111台灣臺北市士林區義信里大南路84號號,https://www.google.com/maps/place/%E7%B0%A1%E8%A8%98%E6%9C%A8%E7%93%9C%E7%89%9B%E5%A5%B6/data=!4m2!3m1!1s0x3442aebabcbdcf19:0xac312329e09023dd,其他,YTer,是,63.32,150,拿拿摳
士林廟口阿輝麵線,111台灣臺北市士林區義信里大南路52號,https://www.google.com/maps/place/%E5%A3%AB%E6%9E%97%E5%BB%9F%E5%8F%A3%E9%98%BF%E8%BC%9D%E9%BA%B5%E7%B7%9A/data=!4m2!3m1!1s0x3442aebaa4c8e1ed:0xbccb5fce7599bf03,其他,YTer,是,63.34,未知,拿拿摳
萬物拔絲,111台灣臺北市士林區仁勇里小東街16號,https://www.google.com/maps/place/%E8%90%AC%E7%89%A9%E6%8B%94%E7%B5%B2/data=!4m2!3m1!1s0x3442afb25025f49b:0x6802fd3eb12264bb,其他,YTer,是,63.43,150,拿拿摳
好朋友涼麵,111台灣臺北市士林區仁勇里大南路31號,https://www.google.com/maps/place/%E5%A5%BD%E6%9C%8B%E5%8F%8B%E6%B6%BC%E9%BA%B5/data=!4m2!3m1!1s0x3442aebaad30b26b:0xb081e0513ba8b0c1,中式,YTer,是,63.38,120,拿拿摳
家鄉碳烤香雞排 士林店,111台灣臺北市士林區義信里基河路1號,https://www.google.com/maps/place/%E5%AE%B6%E9%84%89%E7%A2%B3%E7%83%A4%E9%A6%99%E9%9B%9E%E6%8E%92+%E5%A3%AB%E6%9E%97%E5%BA%97/data=!4m2!3m1!1s0x3442aeb0156aa64d:0x9ea7e1921b439c8f,其他,YTer,是,63.18,150,拿拿摳
王子起司馬鈴薯,111台灣臺北市士林區義信里基河路1號,https://www.google.com/maps/place/%E7%8E%8B%E5%AD%90%E8%B5%B7%E5%8F%B8%E9%A6%AC%E9%88%B4%E8%96%AF/data=!4m2!3m1!1s0x3442aeaff8686545:0xa23c4c90d4ce1cec,其他,YTer,是,63.18,150,拿拿摳
大王茶迷竹科店《推薦手搖》鮮奶茶專賣店｜茶飲推薦｜手搖外送｜團購飲料｜人氣手搖｜檸檬冰沙專賣店｜冰淇淋專賣店,300台灣新竹市東區金山里光復路一段193號,https://www.google.com/maps/place/%E5%A4%A7%E7%8E%8B%E8%8C%B6%E8%BF%B7%E7%AB%B9%E7%A7%91%E5%BA%97%E3%80%8A%E6%8E%A8%E8%96%A6%E6%89%8B%E6%90%96%E3%80%8B%E9%AE%AE%E5%A5%B6%E8%8C%B6%E5%B0%88%E8%B3%A3%E5%BA%97%EF%BD%9C%E8%8C%B6%E9%A3%B2%E6%8E%A8%E8%96%A6%EF%BD%9C%E6%89%8B%E6%90%96%E5%A4%96%E9%80%81%EF%BD%9C%E5%9C%98%E8%B3%BC%E9%A3%B2%E6%96%99%EF%BD%9C%E4%BA%BA%E6%B0%A3%E6%89%8B%E6%90%96%EF%BD%9C%E6%AA%B8%E6%AA%AC%E5%86%B0%E6%B2%99%E5%B0%88%E8%B3%A3%E5%BA%97%EF%BD%9C%E5%86%B0%E6%B7%87%E6%B7%8B%E5%B0%88%E8%B3%A3%E5%BA%97/data=!4m2!3m1!1s0x346837006b923b1f:0x76512cbbb44842e4,其他,下午茶,是,6.2,150,
果子家 | 煎餅果子（新竹園區店）點餐請用下面系統點餐,300台灣新竹市東區金山里光復路一段89巷67號,https://www.google.com/maps/place/%E6%9E%9C%E5%AD%90%E5%AE%B6+%7C+%E7%85%8E%E9%A4%85%E6%9E%9C%E5%AD%90%EF%BC%88%E6%96%B0%E7%AB%B9%E5%9C%92%E5%8D%80%E5%BA%97%EF%BC%89%E9%BB%9E%E9%A4%90%E8%AB%8B%E7%94%A8%E4%B8%8B%E9%9D%A2%E7%B3%BB%E7%B5%B1%E9%BB%9E%E9%A4%90/data=!4m2!3m1!1s0x34683700209f23f9:0x7f9a4304a2a90fb2,其他,下午茶,是,6.56,150,
Louisiana Famous Fried Chicken,300台灣新竹市東區軍功里光復路二段350號,https://www.google.com/maps/place/Louisiana+Famous+Fried+Chicken/data=!4m2!3m1!1s0x3468379341a1726d:0xa0d57d7031b9bac8,其他,下午茶,是,3.29,150,
Musa’’穆薩‘’咖喱印度甩餅-新竹店（休假會於臉書粉絲團公告）,300台灣新竹市東區光明里大學路78號,https://www.google.com/maps/place/Musa%E2%80%99%E2%80%99%E7%A9%86%E8%96%A9%E2%80%98%E2%80%99%E5%92%96%E5%96%B1%E5%8D%B0%E5%BA%A6%E7%94%A9%E9%A4%85-%E6%96%B0%E7%AB%B9%E5%BA%97%EF%BC%88%E4%BC%91%E5%81%87%E6%9C%83%E6%96%BC%E8%87%89%E6%9B%B8%E7%B2%89%E7%B5%B2%E5%9C%98%E5%85%AC%E5%91%8A%EF%BC%89/data=!4m2!3m1!1s0x346837f8ab322095:0x2292d6d6d2543c0e,東南亞式,下午茶,是,3.99,250,ig
舊是經典,300台灣新竹市東區豐功里建美路5號,https://www.google.com/maps/place/%E8%88%8A%E6%98%AF%E7%B6%93%E5%85%B8/data=!4m2!3m1!1s0x34683671f3de4c2f:0x4b243d344dda703f,其他,下午茶,是,2.9,150,
寶地花生醬 新竹伴手禮 冬季限量湯圓上市,300台灣新竹市北區北門里城北街16號,https://www.google.com/maps/place/%E5%AF%B6%E5%9C%B0%E8%8A%B1%E7%94%9F%E9%86%AC+%E6%96%B0%E7%AB%B9%E4%BC%B4%E6%89%8B%E7%A6%AE+%E5%86%AC%E5%AD%A3%E9%99%90%E9%87%8F%E6%B9%AF%E5%9C%93%E4%B8%8A%E5%B8%82/data=!4m2!3m1!1s0x346835971918cdef:0xe2bdc4db63d74fdd,中式,下午茶,是,1.18,120,
嗨嗨雞蛋糕｜人生嗨嗨（提早售完即打烊）,302台灣新竹縣竹北市文化里吳濁流路83號,https://www.google.com/maps/place/%E5%97%A8%E5%97%A8%E9%9B%9E%E8%9B%8B%E7%B3%95%EF%BD%9C%E4%BA%BA%E7%94%9F%E5%97%A8%E5%97%A8%EF%BC%88%E6%8F%90%E6%97%A9%E5%94%AE%E5%AE%8C%E5%8D%B3%E6%89%93%E7%83%8A%EF%BC%89/data=!4m2!3m1!1s0x3468377d4d807ecf:0x4916f2f0925a2f7d,其他,下午茶,是,4.42,150,ig
男子漢雞排（竹東店）,310台灣新竹縣竹東鎮竹東里竹榮街25號,https://www.google.com/maps/place/%E7%94%B7%E5%AD%90%E6%BC%A2%E9%9B%9E%E6%8E%92%EF%BC%88%E7%AB%B9%E6%9D%B1%E5%BA%97%EF%BC%89/data=!4m2!3m1!1s0x346847004623cc55:0xd4c175903966f826,其他,下午茶,是,14.11,150,
大茗本位製茶堂-新竹金山店,300台灣新竹市東區金山里金山十三街1號,https://www.google.com/maps/place/%E5%A4%A7%E8%8C%97%E6%9C%AC%E4%BD%8D%E8%A3%BD%E8%8C%B6%E5%A0%82-%E6%96%B0%E7%AB%B9%E9%87%91%E5%B1%B1%E5%BA%97/data=!4m2!3m1!1s0x346837007a71cd3d:0x5a95d541d36393f2,其他,下午茶,是,6.56,150,
(戲棚下Under Six Pound炸雞)新竹市北區,300台灣新竹市北區中山里中央路45號,https://www.google.com/maps/place/(%E6%88%B2%E6%A3%9A%E4%B8%8BUnder+Six+Pound%E7%82%B8%E9%9B%9E)%E6%96%B0%E7%AB%B9%E5%B8%82%E5%8C%97%E5%8D%80/data=!4m2!3m1!1s0x34683563e9c41885:0xdcf7f89b9786c020,其他,下午茶,是,1.38,150,
爆Q美式炸雞（新竹中華店）,30060台灣新竹市東區三民里中華路二段212號,https://www.google.com/maps/place/%E7%88%86Q%E7%BE%8E%E5%BC%8F%E7%82%B8%E9%9B%9E%EF%BC%88%E6%96%B0%E7%AB%B9%E4%B8%AD%E8%8F%AF%E5%BA%97%EF%BC%89/data=!4m2!3m1!1s0x346835dcbb3c6385:0x1761d9858ae55576,美式,下午茶,是,1.21,400,
爆Q 美式炸雞 新竹南大店,300台灣新竹市北區新興里南大路433號,https://www.google.com/maps/place/%E7%88%86Q+%E7%BE%8E%E5%BC%8F%E7%82%B8%E9%9B%9E+%E6%96%B0%E7%AB%B9%E5%8D%97%E5%A4%A7%E5%BA%97/data=!4m2!3m1!1s0x346835e265589313:0x31f13b098f69e73f,美式,下午茶,是,2.33,400,
鬆餅巷（營業時間以FB公告為主）,300台灣新竹市東區豐功里建美路29號,https://www.google.com/maps/place/%E9%AC%86%E9%A4%85%E5%B7%B7%EF%BC%88%E7%87%9F%E6%A5%AD%E6%99%82%E9%96%93%E4%BB%A5FB%E5%85%AC%E5%91%8A%E7%82%BA%E4%B8%BB%EF%BC%89/data=!4m2!3m1!1s0x34683672206425d7:0x57c0bd295ba9b787,其他,下午茶,是,2.9,150,
奉家 方糰本舖｜園區下午茶外送｜團體大量訂單｜活動餐盒客製,30073台灣新竹市東區新莊里新莊街161號,https://www.google.com/maps/place/%E5%A5%89%E5%AE%B6+%E6%96%B9%E7%B3%B0%E6%9C%AC%E8%88%96%EF%BD%9C%E5%9C%92%E5%8D%80%E4%B8%8B%E5%8D%88%E8%8C%B6%E5%A4%96%E9%80%81%EF%BD%9C%E5%9C%98%E9%AB%94%E5%A4%A7%E9%87%8F%E8%A8%82%E5%96%AE%EF%BD%9C%E6%B4%BB%E5%8B%95%E9%A4%90%E7%9B%92%E5%AE%A2%E8%A3%BD/data=!4m2!3m1!1s0x34683738fe2ab141:0x23ddcf4ae6a8411c,其他,下午茶,是,5.42,150,
思茶MissingTea手作飲品 新竹新莊店,300台灣新竹市東區新莊里新莊街139號,https://www.google.com/maps/place/%E6%80%9D%E8%8C%B6MissingTea%E6%89%8B%E4%BD%9C%E9%A3%B2%E5%93%81+%E6%96%B0%E7%AB%B9%E6%96%B0%E8%8E%8A%E5%BA%97/data=!4m2!3m1!1s0x346837d3c1d08929:0x5f8e9316a1f8a28f,其他,下午茶,是,5.41,150,
Crazy Pizza,300台灣新竹市東區仙水里光復路一段391號,https://www.google.com/maps/place/Crazy+Pizza/data=!4m2!3m1!1s0x3468373ef4791df7:0x1d92ec0351099c0,義式,下午茶,是,5.64,350,
珍豐大骨手工湯包,300台灣新竹市東區金山里光復路一段5號,https://www.google.com/maps/place/%E7%8F%8D%E8%B1%90%E5%A4%A7%E9%AA%A8%E6%89%8B%E5%B7%A5%E6%B9%AF%E5%8C%85/data=!4m2!3m1!1s0x3468370c2e2f885b:0x7c51f45ce770d42f,中式,下午茶,是,6.6,120,
皇阿瑪臭豆腐(竹科店),310台灣新竹縣竹東鎮柯湖里中興路四段985號,https://www.google.com/maps/place/%E7%9A%87%E9%98%BF%E7%91%AA%E8%87%AD%E8%B1%86%E8%85%90(%E7%AB%B9%E7%A7%91%E5%BA%97)/data=!4m2!3m1!1s0x3468378cb9ae950b:0xb22391abccd0ec0a,中式,下午茶,是,6.87,120,
再睡5分鐘 - 新竹光復店,300台灣新竹市東區金山里光復路一段173號,https://www.google.com/maps/place/%E5%86%8D%E7%9D%A15%E5%88%86%E9%90%98+-+%E6%96%B0%E7%AB%B9%E5%85%89%E5%BE%A9%E5%BA%97/data=!4m2!3m1!1s0x346837358ea752c1:0x2728f8e6424dc2be,其他,下午茶,是,6.23,150,
雞雞叫脆皮雞排,30071台灣新竹市東區建新路29號,https://www.google.com/maps/place/%E9%9B%9E%E9%9B%9E%E5%8F%AB%E8%84%86%E7%9A%AE%E9%9B%9E%E6%8E%92/data=!4m2!3m1!1s0x34683672f3d0e161:0x9b889ed03b0adfb3,其他,下午茶,是,3.09,150,
宋氏手工舖創始店,300台灣新竹市東區新莊里長春街31號,https://www.google.com/maps/place/%E5%AE%8B%E6%B0%8F%E6%89%8B%E5%B7%A5%E8%88%96%E5%89%B5%E5%A7%8B%E5%BA%97/data=!4m2!3m1!1s0x3468363c48ca7fbd:0x2f9624c6ba2f5f6d,其他,下午茶,是,5.31,150,
老豆花 プリプリ 建中店,300台灣新竹市東區豐功里建中路132號,https://www.google.com/maps/place/%E8%80%81%E8%B1%86%E8%8A%B1+%E3%83%97%E3%83%AA%E3%83%97%E3%83%AA+%E5%BB%BA%E4%B8%AD%E5%BA%97/data=!4m2!3m1!1s0x346837f6ee1a22fd:0xb69100052880c99b,其他,下午茶,是,2.7,150,
軒韻茶飲新竹店,300台灣新竹市東區金山里金山九街58號,https://www.google.com/maps/place/%E8%BB%92%E9%9F%BB%E8%8C%B6%E9%A3%B2%E6%96%B0%E7%AB%B9%E5%BA%97/data=!4m2!3m1!1s0x3468363994ae7eb5:0x82f64177bf216c6a,其他,下午茶,是,6.42,150,
吳家甜不辣麵線,300台灣新竹市東區仙水里光復路一段531巷70號,https://www.google.com/maps/place/%E5%90%B3%E5%AE%B6%E7%94%9C%E4%B8%8D%E8%BE%A3%E9%BA%B5%E7%B7%9A/data=!4m2!3m1!1s0x346837a2150a51ff:0x72772f476a61631f,中式,下午茶,是,5.35,120,
老瀋陽酸菜白肉鍋,300台灣新竹市東區復興里三民路125號,https://www.google.com/maps/place/%E8%80%81%E7%80%8B%E9%99%BD%E9%85%B8%E8%8F%9C%E7%99%BD%E8%82%89%E9%8D%8B/data=!4m2!3m1!1s0x346835daf212fbb3:0x65325cf40ffe9b00,其他,冬季限定,是,0.83,150,
火鍋世家新竹光華東店,300台灣新竹市東區文華里光華東街5號,https://www.google.com/maps/place/%E7%81%AB%E9%8D%8B%E4%B8%96%E5%AE%B6%E6%96%B0%E7%AB%B9%E5%85%89%E8%8F%AF%E6%9D%B1%E5%BA%97/data=!4m2!3m1!1s0x346835cfae0ab6cf:0x2c4ce117c4b882ba,中式,冬季限定,是,0.15,450,
"老店薑母雞 八德旗艦店 全臺首創薑母雞-推薦在地必吃平價美食 火鍋(新竹東區)夜間宵夜 露營必備美食菜單 薑母鴨 薑母雞 狀元雞 首烏雞 淮蔘雞 
烏骨雞肉 溫體雞 火鍋 中藥燉煮 PTT",300台灣新竹市東區東園里八德路160號,https://www.google.com/maps/place/%E8%80%81%E5%BA%97%E8%96%91%E6%AF%8D%E9%9B%9E+%E5%85%AB%E5%BE%B7%E6%97%97%E8%89%A6%E5%BA%97+%E5%85%A8%E8%87%BA%E9%A6%96%E5%89%B5%E8%96%91%E6%AF%8D%E9%9B%9E-%E6%8E%A8%E8%96%A6%E5%9C%A8%E5%9C%B0%E5%BF%85%E5%90%83%E5%B9%B3%E5%83%B9%E7%BE%8E%E9%A3%9F+%E7%81%AB%E9%8D%8B(%E6%96%B0%E7%AB%B9%E6%9D%B1%E5%8D%80)%E5%A4%9C%E9%96%93%E5%AE%B5%E5%A4%9C+%E9%9C%B2%E7%87%9F%E5%BF%85%E5%82%99%E7%BE%8E%E9%A3%9F%E8%8F%9C%E5%96%AE+%E8%96%91%E6%AF%8D%E9%B4%A8+%E8%96%91%E6%AF%8D%E9%9B%9E+%E7%8B%80%E5%85%83%E9%9B%9E+%E9%A6%96%E7%83%8F%E9%9B%9E+%E6%B7%AE%E8%94%98%E9%9B%9E+%0A%E7%83%8F%E9%AA%A8%E9%9B%9E%E8%82%89+%E6%BA%AB%E9%AB%94%E9%9B%9E+%E7%81%AB%E9%8D%8B+%E4%B8%AD%E8%97%A5%E7%87%89%E7%85%AE+PTT/data=!4m2!3m1!1s0x346835fb54b8be3d:0x7666b272680c3d2e,中式,冬季限定,是,1.78,450,
漢王薑母鴨 新竹東大店,300台灣新竹市北區福林里東大路二段261號,https://www.google.com/maps/place/%E6%BC%A2%E7%8E%8B%E8%96%91%E6%AF%8D%E9%B4%A8+%E6%96%B0%E7%AB%B9%E6%9D%B1%E5%A4%A7%E5%BA%97/data=!4m2!3m1!1s0x3468356f88c34ce9:0xade61e20697c5c6,其他,冬季限定,是,0.96,150,
傑理歐法小館 since2004 ｜營業中不方便接聽電話｜不是親子餐廳｜請善用LINE和線上預約系統｜,433台灣臺中市沙鹿區北勢里北勢二街134號,https://www.google.com/maps/place/%E5%82%91%E7%90%86%E6%AD%90%E6%B3%95%E5%B0%8F%E9%A4%A8+since2004+%EF%BD%9C%E7%87%9F%E6%A5%AD%E4%B8%AD%E4%B8%8D%E6%96%B9%E4%BE%BF%E6%8E%A5%E8%81%BD%E9%9B%BB%E8%A9%B1%EF%BD%9C%E4%B8%8D%E6%98%AF%E8%A6%AA%E5%AD%90%E9%A4%90%E5%BB%B3%EF%BD%9C%E8%AB%8B%E5%96%84%E7%94%A8LINE%E5%92%8C%E7%B7%9A%E4%B8%8A%E9%A0%90%E7%B4%84%E7%B3%BB%E7%B5%B1%EF%BD%9C/data=!4m2!3m1!1s0x346915024217940d:0x8f3754b8a7965660,其他,台中清水,是,76.77,150,
炯炯特炙牛排,433台灣臺中市沙鹿區洛泉里鎮政路31號,https://www.google.com/maps/place/%E7%82%AF%E7%82%AF%E7%89%B9%E7%82%99%E7%89%9B%E6%8E%92/data=!4m2!3m1!1s0x34691531e8c345b7:0xcae39e0bc5e52fb1,美式,台中清水,是,76.57,400,
H.YEN,433台灣臺中市沙鹿區鹿峰里錦衣街143號,https://www.google.com/maps/place/H.YEN/data=!4m2!3m1!1s0x3469151c2962160f:0x36f0ee1b398ad3da,其他,台中清水,是,75.17,150,
小赫霜淇淋,"號 No, No. 15中興街清水區臺中市台灣 436",https://www.google.com/maps/place/%E5%B0%8F%E8%B5%AB%E9%9C%9C%E6%B7%87%E6%B7%8B/data=!4m2!3m1!1s0x3469147f00d4cc6d:0xe2ddbb16bd680073,其他,台中清水,是,72.66,150,
清水白燒炸粿,436台灣臺中市清水區南寧里清水街49-1號隔壁,https://www.google.com/maps/place/%E6%B8%85%E6%B0%B4%E7%99%BD%E7%87%92%E7%82%B8%E7%B2%BF/data=!4m2!3m1!1s0x3469157db1515755:0xb55f572deb8e851b,其他,台中清水,是,72.94,150,
阿財米糕店,436台灣臺中市清水區西寧里西寧路105號,https://www.google.com/maps/place/%E9%98%BF%E8%B2%A1%E7%B1%B3%E7%B3%95%E5%BA%97/data=!4m2!3m1!1s0x3469147ff4525f9b:0x56afc8da156c9f9c,中式,台中清水,是,72.7,120,
王塔米糕店,436台灣臺中市清水區中興里中興街30-1號,https://www.google.com/maps/place/%E7%8E%8B%E5%A1%94%E7%B1%B3%E7%B3%95%E5%BA%97/data=!4m2!3m1!1s0x3469147f78bbdb95:0x7c36b08a6b2f3bf3,中式,台中清水,是,72.65,120,
華得來(清水店),436台灣臺中市清水區南寧里中山路207號,https://www.google.com/maps/place/%E8%8F%AF%E5%BE%97%E4%BE%86(%E6%B8%85%E6%B0%B4%E5%BA%97)/data=!4m2!3m1!1s0x3469147e10cad041:0x11a6da11bcc8c076,其他,台中清水,是,73.1,150,
老士官擀麵,436台灣臺中市清水區南寧里鎮南街81之12號,https://www.google.com/maps/place/%E8%80%81%E5%A3%AB%E5%AE%98%E6%93%80%E9%BA%B5/data=!4m2!3m1!1s0x34691480c88c07db:0x5103e675c9e93074,中式,台中清水,是,73.2,120,
采宏牛肉麵-原建宏牛肉麵,108台灣臺北市萬華區福星里西寧南路27號1樓,https://www.google.com/maps/place/%E9%87%87%E5%AE%8F%E7%89%9B%E8%82%89%E9%BA%B5-%E5%8E%9F%E5%BB%BA%E5%AE%8F%E7%89%9B%E8%82%89%E9%BA%B5/data=!4m2!3m1!1s0x3442a90e656a081f:0x713c3942e872dca2,中式,台北牛肉麵,是,59.66,120,
小吳牛肉麵,108台灣臺北市萬華區福星里洛陽街45-11號,https://www.google.com/maps/place/%E5%B0%8F%E5%90%B3%E7%89%9B%E8%82%89%E9%BA%B5/data=!4m2!3m1!1s0x3442a90e8737b2f7:0x6b6ee112e9e7c58b,中式,台北牛肉麵,是,59.71,120,
牛耳精緻麵館,114台灣臺北市內湖區西湖里內湖路一段323巷16弄2號,https://www.google.com/maps/place/%E7%89%9B%E8%80%B3%E7%B2%BE%E7%B7%BB%E9%BA%B5%E9%A4%A8/data=!4m2!3m1!1s0x3442ac6ed1ee09a1:0xb74bbe9d296cafa4,中式,台北牛肉麵,是,66.88,120,
山西刀削麵 （大直店）,104237台灣臺北市中山區大直里北安路563號,https://www.google.com/maps/place/%E5%B1%B1%E8%A5%BF%E5%88%80%E5%89%8A%E9%BA%B5+%EF%BC%88%E5%A4%A7%E7%9B%B4%E5%BA%97%EF%BC%89/data=!4m2!3m1!1s0x3442adab8c980a9b:0xc8ddf366daef8942,中式,台北牛肉麵,是,64.95,120,紅燒牛肉麵
江蘇老趙刀切麵,106台灣臺北市大安區住安里信義路四段60之60號,https://www.google.com/maps/place/%E6%B1%9F%E8%98%87%E8%80%81%E8%B6%99%E5%88%80%E5%88%87%E9%BA%B5/data=!4m2!3m1!1s0x3442abd2e34bdfe3:0xc6af47184dcb5410,中式,台北牛肉麵,是,62.51,120,紅燒牛肉麵
富宏牛肉麵,108台灣臺北市萬華區福星里洛陽街67號,https://www.google.com/maps/place/%E5%AF%8C%E5%AE%8F%E7%89%9B%E8%82%89%E9%BA%B5/data=!4m2!3m1!1s0x3442a90e87e6d60b:0x2a5448854fda3233,中式,台北牛肉麵,是,59.69,120,紅燒牛肉麵
慶咖哩,300台灣新竹市東區復中里民生路212號,https://www.google.com/maps/place/%E6%85%B6%E5%92%96%E5%93%A9/data=!4m2!3m1!1s0x3468350065c33605:0xc56e2c0f6a7dab5f,東南亞式,回訪,是,0.52,250,
彭家粄糕,314台灣新竹縣北埔鄉南興村南興街90號,https://www.google.com/maps/place/%E5%BD%AD%E5%AE%B6%E7%B2%84%E7%B3%95/data=!4m2!3m1!1s0x346848952542933b:0xf7ba61d722850629,其他,回訪,是,15.45,150,
皿富器食 minfood,300台灣新竹市東區復中里錦華街18巷22號,https://www.google.com/maps/place/%E7%9A%BF%E5%AF%8C%E5%99%A8%E9%A3%9F+minfood/data=!4m2!3m1!1s0x346835bd3587d5a5:0x3511f4090f4076a8,其他,回訪,是,0.72,150,
PASTA de SHOW/CURRY de SHOW義大利生麵廚房北大店,300台灣新竹市東區文華里北大路40巷30-2號,https://www.google.com/maps/place/PASTA+de+SHOW%2FCURRY+de+SHOW%E7%BE%A9%E5%A4%A7%E5%88%A9%E7%94%9F%E9%BA%B5%E5%BB%9A%E6%88%BF%E5%8C%97%E5%A4%A7%E5%BA%97/data=!4m2!3m1!1s0x346835ad93138add:0xbb8cc60c4f0674c0,義式,回訪,是,0.35,350,
Jim’s Food,30069台灣新竹市東區東勢里東光路125號,https://www.google.com/maps/place/Jim%E2%80%99s+Food/data=!4m2!3m1!1s0x34683500608edfd9:0x128edb0662e9c163,其他,回訪,是,1.82,150,
客園麵食館,300台灣新竹市東區三民里民族路127號,https://www.google.com/maps/place/%E5%AE%A2%E5%9C%92%E9%BA%B5%E9%A3%9F%E9%A4%A8/data=!4m2!3m1!1s0x346835db19e86ea5:0x36c6482f3eec663,中式,回訪,是,0.95,120,番茄蛋花麵
好食味 藥燉排骨／ 滷肉飯／赤肉羹蚵仔麵線／芋頭鹹粥,300台灣新竹市北區西門里西大路504號,https://www.google.com/maps/place/%E5%A5%BD%E9%A3%9F%E5%91%B3+%E8%97%A5%E7%87%89%E6%8E%92%E9%AA%A8%EF%BC%8F+%E6%BB%B7%E8%82%89%E9%A3%AF%EF%BC%8F%E8%B5%A4%E8%82%89%E7%BE%B9%E8%9A%B5%E4%BB%94%E9%BA%B5%E7%B7%9A%EF%BC%8F%E8%8A%8B%E9%A0%AD%E9%B9%B9%E7%B2%A5/data=!4m2!3m1!1s0x346835b87c4d8513:0xc7a9de40da1cf3bd,中式,回訪,是,1.6,120,
凱迪比薩,300台灣新竹市北區光田里水田街143號,https://www.google.com/maps/place/%E5%87%B1%E8%BF%AA%E6%AF%94%E8%96%A9/data=!4m2!3m1!1s0x3468357322c6104d:0x7f47235016521de0,義式,回訪,是,0.49,350,
白日夢pasta-新竹美食,300台灣新竹市東區關帝里文昌街112號,https://www.google.com/maps/place/%E7%99%BD%E6%97%A5%E5%A4%A2pasta-%E6%96%B0%E7%AB%B9%E7%BE%8E%E9%A3%9F/data=!4m2!3m1!1s0x346835a0a47170e5:0x36ef1d0666e58069,義式,回訪,是,1.71,350,
福氣中卷麵線,300台灣新竹市東區中正里東門街136號,https://www.google.com/maps/place/%E7%A6%8F%E6%B0%A3%E4%B8%AD%E5%8D%B7%E9%BA%B5%E7%B7%9A/data=!4m2!3m1!1s0x346835006b60203b:0x3a9964cfa07ed634,中式,回訪,是,1.38,120,
瑪咭廚房,300台灣新竹市北區武陵路73巷16號,https://www.google.com/maps/place/%E7%91%AA%E5%92%AD%E5%BB%9A%E6%88%BF/data=!4m2!3m1!1s0x346835c994786743:0xb0127b72c25f8c3a,其他,回訪,是,0.78,150,
靜岡勝政日式豬排-新竹巨城店,300台灣新竹市東區復中里中央路229號5樓,https://www.google.com/maps/place/%E9%9D%9C%E5%B2%A1%E5%8B%9D%E6%94%BF%E6%97%A5%E5%BC%8F%E8%B1%AC%E6%8E%92-%E6%96%B0%E7%AB%B9%E5%B7%A8%E5%9F%8E%E5%BA%97/data=!4m2!3m1!1s0x346835003633a62f:0x3585ef85785848a3,日式,回訪,是,0.75,300,
荷竹園,300台灣新竹市北區湳中里湳中街63號,https://www.google.com/maps/place/%E8%8D%B7%E7%AB%B9%E5%9C%92/data=!4m2!3m1!1s0x346835cbb547fc95:0x5c6352ae488dce68,其他,回訪,是,0.93,150,
成大器烤肉飯 北大店,300台灣新竹市東區北大路36號,https://www.google.com/maps/place/%E6%88%90%E5%A4%A7%E5%99%A8%E7%83%A4%E8%82%89%E9%A3%AF+%E5%8C%97%E5%A4%A7%E5%BA%97/data=!4m2!3m1!1s0x346835478b78523d:0x1acfb47f97dde1e3,中式,回訪,是,0.35,120,
大無敵烤肉飯-新竹東門店,300台灣新竹市東區育賢里民族路33-15號,https://www.google.com/maps/place/%E5%A4%A7%E7%84%A1%E6%95%B5%E7%83%A4%E8%82%89%E9%A3%AF-%E6%96%B0%E7%AB%B9%E6%9D%B1%E9%96%80%E5%BA%97/data=!4m2!3m1!1s0x3468357d71c26299:0xed44a31a0159e059,中式,回訪,是,1.27,120,
吉瓦黑輪 tsi̍t uánn oden (無提供洗手間)忙碌時無接聽電話,300台灣新竹市東區西大路185號1樓,https://www.google.com/maps/place/%E5%90%89%E7%93%A6%E9%BB%91%E8%BC%AA+tsi%CC%8Dt+u%C3%A1nn+oden+(%E7%84%A1%E6%8F%90%E4%BE%9B%E6%B4%97%E6%89%8B%E9%96%93)%E5%BF%99%E7%A2%8C%E6%99%82%E7%84%A1%E6%8E%A5%E8%81%BD%E9%9B%BB%E8%A9%B1/data=!4m2!3m1!1s0x346835007d014085:0xb859cbd994546689,其他,回訪,是,2.09,150,
慕特牛排竹北店,302台灣新竹縣竹北市北崙里縣政九路175號2樓,https://www.google.com/maps/place/%E6%85%95%E7%89%B9%E7%89%9B%E6%8E%92%E7%AB%B9%E5%8C%97%E5%BA%97/data=!4m2!3m1!1s0x3468369332eef439:0x55c28916400635fa,美式,回訪,是,3.99,400,
大嶼四國烏龍麵 竹蓮市場,300032台灣新竹市東區南大里竹蓮街15號,https://www.google.com/maps/place/%E5%A4%A7%E5%B6%BC%E5%9B%9B%E5%9C%8B%E7%83%8F%E9%BE%8D%E9%BA%B5+%E7%AB%B9%E8%93%AE%E5%B8%82%E5%A0%B4/data=!4m2!3m1!1s0x3468352a0215de95:0x9d4ae47ae71488ce,中式,回訪,是,2.15,120,
噴火美式炭烤牛排,300台灣新竹市東區食品路51號,https://www.google.com/maps/place/%E5%99%B4%E7%81%AB%E7%BE%8E%E5%BC%8F%E7%82%AD%E7%83%A4%E7%89%9B%E6%8E%92/data=!4m2!3m1!1s0x346835bb02abb1d9:0xd417d09e4380bd1b,美式,回訪,是,1.95,400,
泰蝦小棧活蝦料理（售完會提早打烊，建議來電詢問）,300台灣新竹市東區東山里東山街56號,https://www.google.com/maps/place/%E6%B3%B0%E8%9D%A6%E5%B0%8F%E6%A3%A7%E6%B4%BB%E8%9D%A6%E6%96%99%E7%90%86%EF%BC%88%E5%94%AE%E5%AE%8C%E6%9C%83%E6%8F%90%E6%97%A9%E6%89%93%E7%83%8A%EF%BC%8C%E5%BB%BA%E8%AD%B0%E4%BE%86%E9%9B%BB%E8%A9%A2%E5%95%8F%EF%BC%89/data=!4m2!3m1!1s0x346835005e927763:0x60101e03a724a0f2,其他,回訪,是,2.24,150,
山下食堂,300台灣新竹市北區北門里中正路229號,https://www.google.com/maps/place/%E5%B1%B1%E4%B8%8B%E9%A3%9F%E5%A0%82/data=!4m2!3m1!1s0x346835d48a0b2fd1:0x85ed692acd3d2757,中式,回訪,是,1.04,120,
PINOCOCO 皮諾可可,408台灣臺中市南屯區新生里益豐路四段689號,https://www.google.com/maps/place/PINOCOCO+%E7%9A%AE%E8%AB%BE%E5%8F%AF%E5%8F%AF/data=!4m2!3m1!1s0x34693deaffffffff:0x840b460170493f30,其他,回訪,是,81.83,150,
新竹喜食廚房,300台灣新竹市東區振興里振興路122號,https://www.google.com/maps/place/%E6%96%B0%E7%AB%B9%E5%96%9C%E9%A3%9F%E5%BB%9A%E6%88%BF/data=!4m2!3m1!1s0x346835c21037de1d:0xc9b387f23d09e4e7,其他,回訪,是,2.6,150,
蔡三毛豬血攤,700台灣臺南市中西區府前里保安路46號,https://www.google.com/maps/place/%E8%94%A1%E4%B8%89%E6%AF%9B%E8%B1%AC%E8%A1%80%E6%94%A4/data=!4m2!3m1!1s0x346e766183dbda91:0x51dc80df1f151903,中式,回訪,是,217.83,120,痛風老饕-
松村煙燻滷味 赤崁店,700台灣臺南市中西區南美里民族路二段319號,https://www.google.com/maps/place/%E6%9D%BE%E6%9D%91%E7%85%99%E7%87%BB%E6%BB%B7%E5%91%B3+%E8%B5%A4%E5%B4%81%E5%BA%97/data=!4m2!3m1!1s0x346e7661856c2763:0xcb8fb97eb0df7545,中式,回訪,是,216.96,120,
哈囉炸醬麵,300台灣新竹市北區境福里成功路37號,https://www.google.com/maps/place/%E5%93%88%E5%9B%89%E7%82%B8%E9%86%AC%E9%BA%B5/data=!4m2!3m1!1s0x346835ba6f7d6713:0x68314ef1f04356e,中式,回訪,是,1.7,120,
石家魚丸,300台灣新竹市東區興學街27號2９號,https://www.google.com/maps/place/%E7%9F%B3%E5%AE%B6%E9%AD%9A%E4%B8%B8/data=!4m2!3m1!1s0x346835ec841dcc8b:0x3151f3c44b4407fb,其他,回訪,是,2.12,150,
波諾義大利料理 新竹,300台灣新竹市東區新興里南大路525號,https://www.google.com/maps/place/%E6%B3%A2%E8%AB%BE%E7%BE%A9%E5%A4%A7%E5%88%A9%E6%96%99%E7%90%86+%E6%96%B0%E7%AB%B9/data=!4m2!3m1!1s0x3468358d318dd36f:0xc2848e22c240f3ca,其他,回訪,是,2.84,150,
福林港式燒腊,300台灣新竹市北區武陵路261-1號,https://www.google.com/maps/place/%E7%A6%8F%E6%9E%97%E6%B8%AF%E5%BC%8F%E7%87%92%E8%85%8A/data=!4m2!3m1!1s0x3468359ff69b5f93:0x2c88ad1c86189230,中式,回訪,是,0.92,120,
老陳家中央市場糯米水餃,300台灣新竹市北區中央里西門街2巷2號中央市場內92攤,https://www.google.com/maps/place/%E8%80%81%E9%99%B3%E5%AE%B6%E4%B8%AD%E5%A4%AE%E5%B8%82%E5%A0%B4%E7%B3%AF%E7%B1%B3%E6%B0%B4%E9%A4%83/data=!4m2!3m1!1s0x346835c020f58ed5:0x65367efb5aca2b3b,中式,回訪,是,1.59,120,
第一土鵝肉,103台灣臺北市大同區至聖里酒泉街54之1號,https://www.google.com/maps/place/%E7%AC%AC%E4%B8%80%E5%9C%9F%E9%B5%9D%E8%82%89/data=!4m2!3m1!1s0x3442a9484e9f6421:0x2db720ae76aa617,中式,回訪,是,61.65,120,
忠孝路觀光夜市,402台灣臺中市南區城隍里忠孝路136號,https://www.google.com/maps/place/%E5%BF%A0%E5%AD%9D%E8%B7%AF%E8%A7%80%E5%85%89%E5%A4%9C%E5%B8%82/data=!4m2!3m1!1s0x34693d19e2a318ad:0xb8e3ce870396c203,其他,回訪,是,81.89,150,
木木食堂 新竹店,300台灣新竹市東區三民里三民路86號,https://www.google.com/maps/place/%E6%9C%A8%E6%9C%A8%E9%A3%9F%E5%A0%82+%E6%96%B0%E7%AB%B9%E5%BA%97/data=!4m2!3m1!1s0x346835004a364a63:0x4a10ce7ec1697bd4,中式,回訪,是,0.89,120,
小屋頂早午餐,300台灣新竹市北區舊社里湳雅街158號,https://www.google.com/maps/place/%E5%B0%8F%E5%B1%8B%E9%A0%82%E6%97%A9%E5%8D%88%E9%A4%90/data=!4m2!3m1!1s0x346835cd0f600f33:0xe4fc0e21a292880,其他,回訪,是,0.52,150,蛋餅
光復小籠包,300台灣新竹市東區復興里中央路346號,https://www.google.com/maps/place/%E5%85%89%E5%BE%A9%E5%B0%8F%E7%B1%A0%E5%8C%85/data=!4m2!3m1!1s0x346835da886acfdd:0x1c7195dd7cbf2998,中式,回訪,是,0.81,120,
義樂蒂義式麵坊,300台灣新竹市北區水田里水田街20之1號,https://www.google.com/maps/place/%E7%BE%A9%E6%A8%82%E8%92%82%E7%BE%A9%E5%BC%8F%E9%BA%B5%E5%9D%8A/data=!4m2!3m1!1s0x346835c77709f465:0x79bcbad7fde13614,義式,回訪,是,0.96,350,
溢香園 天母店,111台灣臺北市士林區天山里天母東路41號,https://www.google.com/maps/place/%E6%BA%A2%E9%A6%99%E5%9C%92+%E5%A4%A9%E6%AF%8D%E5%BA%97/data=!4m2!3m1!1s0x3442ae80a4a48849:0x8ad7584679e8ea5,中式,回訪,是,65.58,120,清蒸臭豆腐
老四川麵食館,300台灣新竹市東區埔頂里埔頂路99巷41號,https://www.google.com/maps/place/%E8%80%81%E5%9B%9B%E5%B7%9D%E9%BA%B5%E9%A3%9F%E9%A4%A8/data=!4m2!3m1!1s0x3468366b15d28db1:0x2f3195d44821951e,中式,回訪,是,4.01,120,
阿婆早餐麵店,300台灣新竹市東區東山里東山街6號,https://www.google.com/maps/place/%E9%98%BF%E5%A9%86%E6%97%A9%E9%A4%90%E9%BA%B5%E5%BA%97/data=!4m2!3m1!1s0x346835e6a2b58643:0x938c4a93ab25e3a,中式,回訪,是,2.37,120,
俄羅斯茯苓糕,300台灣新竹市東區文華里北大路96號號旁,https://www.google.com/maps/place/%E4%BF%84%E7%BE%85%E6%96%AF%E8%8C%AF%E8%8B%93%E7%B3%95/data=!4m2!3m1!1s0x346835c6795711f1:0x7370cf1bc32c7590,其他,回訪,是,0.64,150,
樹林頭麵店,300台灣新竹市北區福林里東大路二段423號,https://www.google.com/maps/place/%E6%A8%B9%E6%9E%97%E9%A0%AD%E9%BA%B5%E5%BA%97/data=!4m2!3m1!1s0x346835b68e1f7b55:0x4d3d66f3bd0e7825,中式,回訪,是,1.33,120,
泰食屋thaicuisine（7/20，下午17:00開始，中午店休）,,https://www.google.com/maps/place/%E6%B3%B0%E9%A3%9F%E5%B1%8Bthaicuisine%EF%BC%887%2F20%EF%BC%8C%E4%B8%8B%E5%8D%8817:00%E9%96%8B%E5%A7%8B%EF%BC%8C%E4%B8%AD%E5%8D%88%E5%BA%97%E4%BC%91%EF%BC%89/data=!4m2!3m1!1s0x346835660b0dfe69:0xa8994af1baf61de5,其他,回訪,是,未知,150,
三廠炸醬麵,300台灣新竹市北區民富里延平路一段178號,https://www.google.com/maps/place/%E4%B8%89%E5%BB%A0%E7%82%B8%E9%86%AC%E9%BA%B5/data=!4m2!3m1!1s0x3468359634d3a8f3:0xefb52dfdaad6ce02,中式,回訪,是,2.18,120,
小蔡炒飯食堂,300台灣新竹市東區東門里東門街182號旁邊三角空地,https://www.google.com/maps/place/%E5%B0%8F%E8%94%A1%E7%82%92%E9%A3%AF%E9%A3%9F%E5%A0%82/data=!4m2!3m1!1s0x346835349fa8dac7:0x2738cc6978aed132,中式,回訪,是,1.45,120,好吃
饗厚牛排-桃園店,330台灣桃園市桃園區中正里正光路72號2樓,https://www.google.com/maps/place/%E9%A5%97%E5%8E%9A%E7%89%9B%E6%8E%92-%E6%A1%83%E5%9C%92%E5%BA%97/data=!4m2!3m1!1s0x34681f89123fa4d5:0x9dae3acc5ec64b4,美式,回訪,是,38.05,400,自助吧cp
全家便利商店-板橋宜居店,220台灣新北市板橋區福安里樂群路158號,https://www.google.com/maps/place/%E5%85%A8%E5%AE%B6%E4%BE%BF%E5%88%A9%E5%95%86%E5%BA%97-%E6%9D%BF%E6%A9%8B%E5%AE%9C%E5%B1%85%E5%BA%97/data=!4m2!3m1!1s0x346803c837b28261:0x9f8b8badf1f237c6,其他,回訪,是,51.7,150,Om
大眾小館,300台灣新竹市東區公園里南大路93-3號,https://www.google.com/maps/place/%E5%A4%A7%E7%9C%BE%E5%B0%8F%E9%A4%A8/data=!4m2!3m1!1s0x346835c2ab2eaa47:0x7f0192d8c2235aa2,其他,回訪,是,1.65,150,
福砌阿華什錦麵,300台灣新竹市東區復興里自由路95巷38弄24號,https://www.google.com/maps/place/%E7%A6%8F%E7%A0%8C%E9%98%BF%E8%8F%AF%E4%BB%80%E9%8C%A6%E9%BA%B5/data=!4m2!3m1!1s0x346835d05bb7b6ad:0xac90526e110d8605,中式,回訪,是,0.59,120,
傻瓜麵創意料理,300台灣新竹市北區湳中里湳中街80-1號,https://www.google.com/maps/place/%E5%82%BB%E7%93%9C%E9%BA%B5%E5%89%B5%E6%84%8F%E6%96%99%E7%90%86/data=!4m2!3m1!1s0x346835ce0efbf5ef:0x14dc96e69fcb0913,中式,回訪,是,1.11,120,
現炸脆皮肉圓,320台灣桃園市中壢區龍慈里龍和一街245號1樓,https://www.google.com/maps/place/%E7%8F%BE%E7%82%B8%E8%84%86%E7%9A%AE%E8%82%89%E5%9C%93/data=!4m2!3m1!1s0x3468226678450bad:0xa8ba31c48491a90d,中式,回訪,是,30.66,120,
鬍鬚李小吃店,300台灣新竹市北區民富里西大路531號,https://www.google.com/maps/place/%E9%AC%8D%E9%AC%9A%E6%9D%8E%E5%B0%8F%E5%90%83%E5%BA%97/data=!4m2!3m1!1s0x346835bfad60d10d:0x5188fb90d2e5d91,中式,回訪,是,1.59,120,
馥億餐坊-新竹市,300台灣新竹市東區三民里民族路67巷1弄25號,https://www.google.com/maps/place/%E9%A6%A5%E5%84%84%E9%A4%90%E5%9D%8A-%E6%96%B0%E7%AB%B9%E5%B8%82/data=!4m2!3m1!1s0x346835c371cbef0b:0xa3e090ffca7d090a,其他,回訪,是,1.08,150,
吳生ごさん鍋処小料理請訊息預約·僅接受FB、IG訊息預約,300016台灣新竹市北區文雅里城北街173號,https://www.google.com/maps/place/%E5%90%B3%E7%94%9F%E3%81%94%E3%81%95%E3%82%93%E9%8D%8B%E5%87%A6%E5%B0%8F%E6%96%99%E7%90%86%E8%AB%8B%E8%A8%8A%E6%81%AF%E9%A0%90%E7%B4%84%C2%B7%E5%83%85%E6%8E%A5%E5%8F%97FB%E3%80%81IG%E8%A8%8A%E6%81%AF%E9%A0%90%E7%B4%84/data=!4m2!3m1!1s0x346835d123092ff3:0x3782f0506d341ecc,其他,回訪,是,1.12,150,
景冬香雲緬小吃-巨城擺夷料理(不接受訂位),300台灣新竹市北區光華里國華街85號,https://www.google.com/maps/place/%E6%99%AF%E5%86%AC%E9%A6%99%E9%9B%B2%E7%B7%AC%E5%B0%8F%E5%90%83-%E5%B7%A8%E5%9F%8E%E6%93%BA%E5%A4%B7%E6%96%99%E7%90%86(%E4%B8%8D%E6%8E%A5%E5%8F%97%E8%A8%82%E4%BD%8D)/data=!4m2!3m1!1s0x346835c9318aba3f:0x2c29ee9020525373,中式,回訪,是,0.37,120,
新竹南寮漁港,300台灣新竹市北區南寮里新港四路,https://www.google.com/maps/place/%E6%96%B0%E7%AB%B9%E5%8D%97%E5%AF%AE%E6%BC%81%E6%B8%AF/data=!4m2!3m1!1s0x346834eec86dafa3:0xea221d3a6fe91878,其他,回訪,是,6.12,150,蝦媽的店，海沙蝦普通尺寸
長興釣蝦場,300台灣新竹市香山區鹽水里長興街498號,https://www.google.com/maps/place/%E9%95%B7%E8%88%88%E9%87%A3%E8%9D%A6%E5%A0%B4/data=!4m2!3m1!1s0x34684b2fbf4921c3:0xd33156ccffda7b11,其他,回訪,是,10.43,150,
三億小吃店,300台灣新竹市北區石坊里西大路393號,https://www.google.com/maps/place/%E4%B8%89%E5%84%84%E5%B0%8F%E5%90%83%E5%BA%97/data=!4m2!3m1!1s0x346835954d1390f7:0x5c76abf6ed241ab0,中式,回訪,是,1.7,120,
東門文昌雞飯(僅供外帶),300台灣新竹市東區中正里東門街114號,https://www.google.com/maps/place/%E6%9D%B1%E9%96%80%E6%96%87%E6%98%8C%E9%9B%9E%E9%A3%AF(%E5%83%85%E4%BE%9B%E5%A4%96%E5%B8%B6)/data=!4m2!3m1!1s0x346835c18dba90a9:0x795d9afc9629d6e9,中式,回訪,是,1.37,120,
龍來小館,35147台灣苗栗縣頭份市山下里建國路二段135號,https://www.google.com/maps/place/%E9%BE%8D%E4%BE%86%E5%B0%8F%E9%A4%A8/data=!4m2!3m1!1s0x34684d5463b1babd:0x83e3d0d28d1cbbc4,其他,回訪,是,15.08,150,
阿水飯店,356台灣苗栗縣後龍鎮中龍里中龍街183-2號,https://www.google.com/maps/place/%E9%98%BF%E6%B0%B4%E9%A3%AF%E5%BA%97/data=!4m2!3m1!1s0x3469ae63ef4eb69f:0xd3956a9eb629dead,其他,回訪,是,29.31,未知,
薪石窯柴燒窯烤麵包,300台灣新竹市東區千甲里水利路46巷67-3號,https://www.google.com/maps/place/%E8%96%AA%E7%9F%B3%E7%AA%AF%E6%9F%B4%E7%87%92%E7%AA%AF%E7%83%A4%E9%BA%B5%E5%8C%85/data=!4m2!3m1!1s0x34683642fc759b2d:0x20707815aac790dd,中式,回訪,是,4.29,120,
CURRY WU日式熟成濃咖哩專賣店,300台灣新竹市北區興南里興南街28號1樓,https://www.google.com/maps/place/CURRY+WU%E6%97%A5%E5%BC%8F%E7%86%9F%E6%88%90%E6%BF%83%E5%92%96%E5%93%A9%E5%B0%88%E8%B3%A3%E5%BA%97/data=!4m2!3m1!1s0x346835c08818832b:0xa5fb10d1409335b,日式,回訪,是,1.93,300,
延平大飯店,300台灣新竹市北區客雅里延平路一段236號號旁,https://www.google.com/maps/place/%E5%BB%B6%E5%B9%B3%E5%A4%A7%E9%A3%AF%E5%BA%97/data=!4m2!3m1!1s0x346835978cc04335:0x3f02af28e58b07ef,其他,回訪,是,2.34,未知,
玩點名,300台灣新竹市東區東門市場1068室,https://www.google.com/maps/place/%E7%8E%A9%E9%BB%9E%E5%90%8D/data=!4m2!3m1!1s0x346835059406cd9f:0xbe6cc81fa9d7c2ed,其他,回訪,是,1.32,150,
吾點拌食（原欣園早點）-新竹美食-早餐-豆漿-蛋餅-蔥抓餅,300台灣新竹市北區中雅里經國路二段583號,https://www.google.com/maps/place/%E5%90%BE%E9%BB%9E%E6%8B%8C%E9%A3%9F%EF%BC%88%E5%8E%9F%E6%AC%A3%E5%9C%92%E6%97%A9%E9%BB%9E%EF%BC%89-%E6%96%B0%E7%AB%B9%E7%BE%8E%E9%A3%9F-%E6%97%A9%E9%A4%90-%E8%B1%86%E6%BC%BF-%E8%9B%8B%E9%A4%85-%E8%94%A5%E6%8A%93%E9%A4%85/data=!4m2!3m1!1s0x3468359ee5ddf543:0x5dbeafbf1ea2ef55,其他,回訪,是,2.35,150,
小熊媽媽DIY,103台灣臺北市大同區重慶北路一段30號B1,https://www.google.com/maps/place/%E5%B0%8F%E7%86%8A%E5%AA%BD%E5%AA%BDDIY/data=!4m2!3m1!1s0x3442a912f207e4ab:0x2f4044544bdfe32e,其他,回訪,是,60.38,150,
橙家餐廳,302台灣新竹縣竹北市文化里文信路208號,https://www.google.com/maps/place/%E6%A9%99%E5%AE%B6%E9%A4%90%E5%BB%B3/data=!4m2!3m1!1s0x346836ebd5ff745b:0x61a7d77a87187147,其他,回訪,是,4.62,150,
公園黑乾麵,300台灣新竹市東區公園里體育街82號,https://www.google.com/maps/place/%E5%85%AC%E5%9C%92%E9%BB%91%E4%B9%BE%E9%BA%B5/data=!4m2!3m1!1s0x346835ddca1e71fb:0xc2ae6fcecb44d062,其他,回訪,是,1.65,未知,
京座燒肉 新竹店,300台灣新竹市東區體育街60號,https://www.google.com/maps/place/%E4%BA%AC%E5%BA%A7%E7%87%92%E8%82%89+%E6%96%B0%E7%AB%B9%E5%BA%97/data=!4m2!3m1!1s0x3468355be590cd1d:0x68911f14f30a43d7,其他,回訪,是,1.69,150,
蔣好的味道 台越特色小館,300台灣新竹市東區民族路126號,https://www.google.com/maps/place/%E8%94%A3%E5%A5%BD%E7%9A%84%E5%91%B3%E9%81%93+%E5%8F%B0%E8%B6%8A%E7%89%B9%E8%89%B2%E5%B0%8F%E9%A4%A8/data=!4m2!3m1!1s0x346835fb5382d56d:0x4c3e2aa90a1f62e4,其他,回訪,是,0.98,150,
新竹利利號 肉鬆/肉乾,300台灣新竹市東區中正里中正路96巷6號,https://www.google.com/maps/place/%E6%96%B0%E7%AB%B9%E5%88%A9%E5%88%A9%E8%99%9F+%E8%82%89%E9%AC%86%2F%E8%82%89%E4%B9%BE/data=!4m2!3m1!1s0x346835c178ef976b:0x1d80d39d4e7f3c1d,其他,回訪,是,1.23,150,
禾日香古早味魯肉飯,300台灣新竹市東區民族路163號,https://www.google.com/maps/place/%E7%A6%BE%E6%97%A5%E9%A6%99%E5%8F%A4%E6%97%A9%E5%91%B3%E9%AD%AF%E8%82%89%E9%A3%AF/data=!4m2!3m1!1s0x346835c7549f9ffd:0x7f40116d2a44784f,中式,回訪,是,0.94,120,
安利麵線,300台灣新竹市東區三民里自由路27巷13號,https://www.google.com/maps/place/%E5%AE%89%E5%88%A9%E9%BA%B5%E7%B7%9A/data=!4m2!3m1!1s0x346835d0ae30c5cf:0x6479b21467349518,中式,回訪,是,0.94,120,
雞腳王滷味,300台灣新竹市北區光華里湳雅街56號,https://www.google.com/maps/place/%E9%9B%9E%E8%85%B3%E7%8E%8B%E6%BB%B7%E5%91%B3/data=!4m2!3m1!1s0x346835cea7b351f5:0x235a814ddd7afc22,中式,回訪,是,0.34,120,
阿明滷肉飯,300台灣新竹市北區光華里光華街110-1號,https://www.google.com/maps/place/%E9%98%BF%E6%98%8E%E6%BB%B7%E8%82%89%E9%A3%AF/data=!4m2!3m1!1s0x346835ce9ee718c3:0xba244872de87330f,中式,回訪,是,0.32,120,
蚵仔麵線、甜不辣,320台灣桃園市中壢區中建里延平路556號,https://www.google.com/maps/place/%E8%9A%B5%E4%BB%94%E9%BA%B5%E7%B7%9A%E3%80%81%E7%94%9C%E4%B8%8D%E8%BE%A3/data=!4m2!3m1!1s0x346835ce9a245a65:0x18b76e80c58e26ed,中式,回訪,是,29.51,120,
曾記餡餅,300台灣新竹市北區文華里光華街88號,https://www.google.com/maps/place/%E6%9B%BE%E8%A8%98%E9%A4%A1%E9%A4%85/data=!4m2!3m1!1s0x346835c8ffffffff:0xc9d5b14f69126067,其他,回訪,是,0.21,150,
豪果複合式餐廳,300台灣新竹市北區金華里光華二街22號,https://www.google.com/maps/place/%E8%B1%AA%E6%9E%9C%E8%A4%87%E5%90%88%E5%BC%8F%E9%A4%90%E5%BB%B3/data=!4m2!3m1!1s0x346835cf0fcf35a5:0xde564be0cae75bf9,美式,回訪,是,0.18,400,牛排飯
源味燉品屋,300台灣新竹市北區北門里中正路217號,https://www.google.com/maps/place/%E6%BA%90%E5%91%B3%E7%87%89%E5%93%81%E5%B1%8B/data=!4m2!3m1!1s0x346835c7632b82e3:0x65b62046d8974a34,其他,回訪,是,1.04,150,
御廚雲泰美食,300台灣新竹市北區長和里民富街49號,https://www.google.com/maps/place/%E5%BE%A1%E5%BB%9A%E9%9B%B2%E6%B3%B0%E7%BE%8E%E9%A3%9F/data=!4m2!3m1!1s0x346835bf35d906f9:0xfa693890c48b92f4,其他,回訪,是,1.21,150,
北門炸粿,300台灣新竹市北區長和里城北街15號,https://www.google.com/maps/place/%E5%8C%97%E9%96%80%E7%82%B8%E7%B2%BF/data=!4m2!3m1!1s0x346835bf558c226b:0xae23a5374c62405,其他,回訪,是,1.2,150,
戽斗魯肉飯,300台灣新竹市北區新民里仁德街88號,https://www.google.com/maps/place/%E6%88%BD%E6%96%97%E9%AD%AF%E8%82%89%E9%A3%AF/data=!4m2!3m1!1s0x346835bf132ae4b1:0xdfc426723d4255c7,中式,回訪,是,2.78,120,
和味清粥,300台灣新竹市北區中興里長安街36號,https://www.google.com/maps/place/%E5%92%8C%E5%91%B3%E6%B8%85%E7%B2%A5/data=!4m2!3m1!1s0x346835c07b3dcf2d:0xec9b3ee9fb2b3d76,中式,回訪,是,1.41,120,
刀削麵,235台灣新北市中和區興南里景新街404號,https://www.google.com/maps/place/%E5%88%80%E5%89%8A%E9%BA%B5/data=!4m2!3m1!1s0x346835ebb04bb871:0x1a4b91fdc09ae708,中式,回訪,是,57.67,120,
原味鴨肉麵,300台灣新竹市東區南門里勝利路59號,https://www.google.com/maps/place/%E5%8E%9F%E5%91%B3%E9%B4%A8%E8%82%89%E9%BA%B5/data=!4m2!3m1!1s0x346835ea4d3f95bd:0x70011f60c897026f,中式,回訪,是,1.81,120,
楊家意麵,300台灣新竹市北區客雅里經國路二段498號,https://www.google.com/maps/place/%E6%A5%8A%E5%AE%B6%E6%84%8F%E9%BA%B5/data=!4m2!3m1!1s0x346835ea4db1d651:0xd4ea7ef386c9d08e,中式,回訪,是,2.2,120,
老港陳,300台灣新竹市東區關帝里南門街55號,https://www.google.com/maps/place/%E8%80%81%E6%B8%AF%E9%99%B3/data=!4m2!3m1!1s0x346835eaf1c670e1:0xb9c32be2fbcbe0df,其他,回訪,是,1.75,150,
紫米飯糰,811台灣高雄市楠梓區清豐里清平街6號,https://www.google.com/maps/place/%E7%B4%AB%E7%B1%B3%E9%A3%AF%E7%B3%B0/data=!4m2!3m1!1s0x346835c4b80b8633:0x6b7fb7c1b75d6784,中式,常用早餐,是,240.27,120,老婆推薦
早安美芝城新竹光華概念店,300台灣新竹市北區光華里光華街102-2號1樓,https://www.google.com/maps/place/%E6%97%A9%E5%AE%89%E7%BE%8E%E8%8A%9D%E5%9F%8E%E6%96%B0%E7%AB%B9%E5%85%89%E8%8F%AF%E6%A6%82%E5%BF%B5%E5%BA%97/data=!4m2!3m1!1s0x3468355f89fd2461:0xce36cb2b9fb0339a,其他,常用早餐,是,0.28,150,
挑嘴貓早午餐（最後點餐時間14:00，每週四固定公休）,300台灣新竹市北區光華里光華二街33號,https://www.google.com/maps/place/%E6%8C%91%E5%98%B4%E8%B2%93%E6%97%A9%E5%8D%88%E9%A4%90%EF%BC%88%E6%9C%80%E5%BE%8C%E9%BB%9E%E9%A4%90%E6%99%82%E9%96%9314:00%EF%BC%8C%E6%AF%8F%E9%80%B1%E5%9B%9B%E5%9B%BA%E5%AE%9A%E5%85%AC%E4%BC%91%EF%BC%89/data=!4m2!3m1!1s0x346835006d3d0941:0xc6d5c722df9250cf,其他,常用早餐,是,0.25,150,
豐色宴小籠湯包店,300台灣新竹市東區科園里民有一街1號,https://www.google.com/maps/place/%E8%B1%90%E8%89%B2%E5%AE%B4%E5%B0%8F%E7%B1%A0%E6%B9%AF%E5%8C%85%E5%BA%97/data=!4m2!3m1!1s0x3468363d4e919e79:0x6049d0819acb9440,中式,常用早餐,是,5.31,120,
阿川水素煎包,300台灣新竹市北區新民里西大路628號300,https://www.google.com/maps/place/%E9%98%BF%E5%B7%9D%E6%B0%B4%E7%B4%A0%E7%85%8E%E5%8C%85/data=!4m2!3m1!1s0x346835bee3bfe2ed:0xe489a1405a68b1bb,中式,常用早餐,是,1.54,120,
Kurashi 暮らし 《 蛋餅 · 鹹粥 ·飯糰 》,302台灣新竹縣竹北市東興里嘉興路284號,https://www.google.com/maps/place/Kurashi+%E6%9A%AE%E3%82%89%E3%81%97+%E3%80%8A+%E8%9B%8B%E9%A4%85+%C2%B7+%E9%B9%B9%E7%B2%A5+%C2%B7%E9%A3%AF%E7%B3%B0+%E3%80%8B/data=!4m2!3m1!1s0x346836fce5d16a9b:0x371cd207d505ccd3,中式,常用早餐,是,5.7,120,
小藜ㄇㄞˋ本丸,302台灣新竹縣竹北市東海里東興路一段649號,https://www.google.com/maps/place/%E5%B0%8F%E8%97%9C%E3%84%87%E3%84%9E%CB%8B%E6%9C%AC%E4%B8%B8/data=!4m2!3m1!1s0x346837681fab4ee5:0x6d5e2a1502db8750,其他,常用早餐,是,7.37,150,
熒熒商行,300台灣新竹市北區磐石里西大路709巷3號,https://www.google.com/maps/place/%E7%86%92%E7%86%92%E5%95%86%E8%A1%8C/data=!4m2!3m1!1s0x346835f26a716ea7:0x86b5cbd184a49063,其他,常用早餐,是,1.88,150,
水哥笠禾,300台灣新竹市東區三民里民主路64號,https://www.google.com/maps/place/%E6%B0%B4%E5%93%A5%E7%AC%A0%E7%A6%BE/data=!4m2!3m1!1s0x346835dac2ba3635:0x246fa0693668ec38,其他,常用早餐,是,0.95,150,
嘉味火雞肉飯,300台灣新竹市東區光鎮里南大路828號,https://www.google.com/maps/place/%E5%98%89%E5%91%B3%E7%81%AB%E9%9B%9E%E8%82%89%E9%A3%AF/data=!4m2!3m1!1s0x346835f36e1b6401:0x1f1e0e271dd3675a,中式,常用晚餐,是,3.15,120,
旭山丼飯,300台灣新竹市東區關帝里西門街5號,https://www.google.com/maps/place/%E6%97%AD%E5%B1%B1%E4%B8%BC%E9%A3%AF/data=!4m2!3m1!1s0x34683551164e0d93:0xc9175da66ec4c63,日式,常用晚餐,是,1.61,300,
（預約制））來點不一樣｜私廚料理｜一人廚房,302台灣新竹縣竹北市斗崙里福興路755巷20號,https://www.google.com/maps/place/%EF%BC%88%E9%A0%90%E7%B4%84%E5%88%B6%EF%BC%89%EF%BC%89%E4%BE%86%E9%BB%9E%E4%B8%8D%E4%B8%80%E6%A8%A3%EF%BD%9C%E7%A7%81%E5%BB%9A%E6%96%99%E7%90%86%EF%BD%9C%E4%B8%80%E4%BA%BA%E5%BB%9A%E6%88%BF/data=!4m2!3m1!1s0x34683764ef2def7b:0x535726fe8efe1a39,其他,常用晚餐,是,3.84,150,
和樂洋食巧烹,"243號, 隘口三街隘口里竹北市新竹縣台灣 302",https://www.google.com/maps/place/%E5%92%8C%E6%A8%82%E6%B4%8B%E9%A3%9F%E5%B7%A7%E7%83%B9/data=!4m2!3m1!1s0x3468373de564a457:0x816af18197262b43,其他,常用晚餐,是,7.18,150,
香聚小廚,300台灣新竹市北區南勢里延平路一段357巷83號,https://www.google.com/maps/place/%E9%A6%99%E8%81%9A%E5%B0%8F%E5%BB%9A/data=!4m2!3m1!1s0x346835c539c1ce23:0xff1153f65f6f6163,其他,常用晚餐,是,2.95,150,
探吉飯包,302台灣新竹縣竹北市文化里光明一路119號,https://www.google.com/maps/place/%E6%8E%A2%E5%90%89%E9%A3%AF%E5%8C%85/data=!4m2!3m1!1s0x34683539e8e66a1f:0xcf0718902198584,中式,常用晚餐,是,4.56,120,
福來麵食館,300台灣新竹市東區公園里東大路一段60號,https://www.google.com/maps/place/%E7%A6%8F%E4%BE%86%E9%BA%B5%E9%A3%9F%E9%A4%A8/data=!4m2!3m1!1s0x346835c61351cd81:0xe1438bb517e449ed,中式,常用晚餐,是,1.5,120,
PASTA de SHOW パスタでしょう義大利生麵廚房,300台灣新竹市東區新莊里新莊街206巷18號1樓,https://www.google.com/maps/place/PASTA+de+SHOW+%E3%83%91%E3%82%B9%E3%82%BF%E3%81%A7%E3%81%97%E3%82%87%E3%81%86%E7%BE%A9%E5%A4%A7%E5%88%A9%E7%94%9F%E9%BA%B5%E5%BB%9A%E6%88%BF/data=!4m2!3m1!1s0x3468376d28260b05:0x6b3736d7cc385f1f,義式,常用晚餐,是,5.51,350,
秋賢越南美食,300台灣新竹市東區頂竹里東南街146號,https://www.google.com/maps/place/%E7%A7%8B%E8%B3%A2%E8%B6%8A%E5%8D%97%E7%BE%8E%E9%A3%9F/data=!4m2!3m1!1s0x346835e8c663d62d:0xe30a138059218b7a,其他,常用晚餐,是,2.13,150,
家味園-新竹美食 新竹小吃 新竹雞肉飯 東區美食 東區小吃 清大美食,300台灣新竹市東區振興里興學街111號,https://www.google.com/maps/place/%E5%AE%B6%E5%91%B3%E5%9C%92-%E6%96%B0%E7%AB%B9%E7%BE%8E%E9%A3%9F+%E6%96%B0%E7%AB%B9%E5%B0%8F%E5%90%83+%E6%96%B0%E7%AB%B9%E9%9B%9E%E8%82%89%E9%A3%AF+%E6%9D%B1%E5%8D%80%E7%BE%8E%E9%A3%9F+%E6%9D%B1%E5%8D%80%E5%B0%8F%E5%90%83+%E6%B8%85%E5%A4%A7%E7%BE%8E%E9%A3%9F/data=!4m2!3m1!1s0x346835005f9cb4d3:0xd643094ff3222887,中式,常用晚餐,是,2.29,120,
極鮮香小饌,302台灣新竹縣竹北市北興里莊敬七街63號,https://www.google.com/maps/place/%E6%A5%B5%E9%AE%AE%E9%A6%99%E5%B0%8F%E9%A5%8C/data=!4m2!3m1!1s0x3468375a7e752865:0x1575da903938693,中式,常用晚餐,是,5.87,120,"ig, 炒飯、鴨血、蛤蠣湯"
久食渡食堂,300台灣新竹市東區建華里東南街283號,https://www.google.com/maps/place/%E4%B9%85%E9%A3%9F%E6%B8%A1%E9%A3%9F%E5%A0%82/data=!4m2!3m1!1s0x3468351166a0bb8b:0x56b473eab7c6672b,中式,常用晚餐,是,2.44,120,
徠食堂,300台灣新竹市北區中興里北門街117號,https://www.google.com/maps/place/%E5%BE%A0%E9%A3%9F%E5%A0%82/data=!4m2!3m1!1s0x346835c0999b0ac5:0xcf3ad07cb70d78bf,中式,常用晚餐,是,1.27,120,
The Park,"No, No. 426光復路二段軍功里東區新竹市台灣 300",https://www.google.com/maps/place/The+Park/data=!4m2!3m1!1s0x346835c3e6a1dfed:0x75f41fe42530e5de,其他,常用晚餐,是,3.09,150,
北門來呷・燒米研製所,300台灣新竹市北區中興里北門街74號,https://www.google.com/maps/place/%E5%8C%97%E9%96%80%E4%BE%86%E5%91%B7%E3%83%BB%E7%87%92%E7%B1%B3%E7%A0%94%E8%A3%BD%E6%89%80/data=!4m2!3m1!1s0x346835c06784d855:0xa9da2b3129f7aa06,其他,常用晚餐,是,1.32,150,
牛市-小火鍋,300台灣新竹市北區仁德里北大路239號,https://www.google.com/maps/place/%E7%89%9B%E5%B8%82-%E5%B0%8F%E7%81%AB%E9%8D%8B/data=!4m2!3m1!1s0x3468358a570f4419:0xca94adf5ee46e963,中式,常用晚餐,是,1.33,450,
鴨韻坊,300台灣新竹市北區舊社里湳雅街160號,https://www.google.com/maps/place/%E9%B4%A8%E9%9F%BB%E5%9D%8A/data=!4m2!3m1!1s0x346835998dd1797f:0x64539a452fcf231f,其他,常用晚餐,是,0.52,150,
三十米路,300台灣新竹市東區錦華里錦華街11號,https://www.google.com/maps/place/%E4%B8%89%E5%8D%81%E7%B1%B3%E8%B7%AF/data=!4m2!3m1!1s0x346835006cca853d:0x7300ea7bef5ef110,其他,常用晚餐,是,0.79,150,
享廚鐵板燒 Enjoy Teppanyaki,302台灣新竹縣竹北市文化里文信路285號,https://www.google.com/maps/place/%E4%BA%AB%E5%BB%9A%E9%90%B5%E6%9D%BF%E7%87%92+Enjoy+Teppanyaki/data=!4m2!3m1!1s0x34683790dc6e1557:0xccc76f960a4f28b,其他,常用晚餐,是,4.33,150,
正樽當歸鴨,710台灣臺南市永康區崑山里大仁街24號,https://www.google.com/maps/place/%E6%AD%A3%E6%A8%BD%E7%95%B6%E6%AD%B8%E9%B4%A8/data=!4m2!3m1!1s0x346e71320193e709:0x4cb417bb97a4e288,中式,常用晚餐,是,214.6,120,
莫菲雅料理廚房,300台灣新竹市北區興南里興南街26號,https://www.google.com/maps/place/%E8%8E%AB%E8%8F%B2%E9%9B%85%E6%96%99%E7%90%86%E5%BB%9A%E6%88%BF/data=!4m2!3m1!1s0x34683594dba8f66b:0xdbf02e743eca5f6c,其他,常用晚餐,是,1.94,150,
Musha Musha 熟成咖哩 武昌店,300台灣新竹市東區南門里武昌街12號,https://www.google.com/maps/place/Musha+Musha+%E7%86%9F%E6%88%90%E5%92%96%E5%93%A9+%E6%AD%A6%E6%98%8C%E5%BA%97/data=!4m2!3m1!1s0x3468350025eb6967:0xdde51dd5c5535463,東南亞式,常用晚餐,是,1.8,250,
六家一路大腸紅麵線,302台灣新竹縣竹北市東平里六家一路二段92號,https://www.google.com/maps/place/%E5%85%AD%E5%AE%B6%E4%B8%80%E8%B7%AF%E5%A4%A7%E8%85%B8%E7%B4%85%E9%BA%B5%E7%B7%9A/data=!4m2!3m1!1s0x346837ab24ed14c3:0xd3252515dc2ccd29,中式,常用晚餐,是,6.24,120,
燉鋪1號店,300台灣新竹市東區仙水里光復路一段335巷8號,https://www.google.com/maps/place/%E7%87%89%E9%8B%AA1%E8%99%9F%E5%BA%97/data=!4m2!3m1!1s0x3468373ab93d507b:0x2848c4678bff4eb6,其他,常用晚餐,是,5.8,150,
好小子擔仔麵,407台灣臺中市西屯區何成里大墩路971號,https://www.google.com/maps/place/%E5%A5%BD%E5%B0%8F%E5%AD%90%E6%93%94%E4%BB%94%E9%BA%B5/data=!4m2!3m1!1s0x34693d8fcf71d869:0xb491b43caeb0cea3,中式,常用晚餐,是,79.91,120,
小佐藤手作壽司,300台灣新竹市東區林森路90號,https://www.google.com/maps/place/%E5%B0%8F%E4%BD%90%E8%97%A4%E6%89%8B%E4%BD%9C%E5%A3%BD%E5%8F%B8/data=!4m2!3m1!1s0x346835ff4b0a188d:0x5a26d24f2e0b83fa,日式,常用晚餐,是,1.82,300,
Musha Musha 熟成咖哩 竹北店（無訂位）,302台灣新竹縣竹北市鹿場里成功十街112號,https://www.google.com/maps/place/Musha+Musha+%E7%86%9F%E6%88%90%E5%92%96%E5%93%A9+%E7%AB%B9%E5%8C%97%E5%BA%97%EF%BC%88%E7%84%A1%E8%A8%82%E4%BD%8D%EF%BC%89/data=!4m2!3m1!1s0x3468372ae0457005:0xdcf18416d3a0adc3,東南亞式,常用晚餐,是,4.94,250,
禾家麵店,300台灣新竹市東區南大里竹蓮街61號,https://www.google.com/maps/place/%E7%A6%BE%E5%AE%B6%E9%BA%B5%E5%BA%97/data=!4m2!3m1!1s0x346835eecd300abf:0x87fd196bd2806146,中式,常用晚餐,是,2.06,120,
三廠麵店,300台灣新竹市北區客雅里延平路一段214巷72-2號,https://www.google.com/maps/place/%E4%B8%89%E5%BB%A0%E9%BA%B5%E5%BA%97/data=!4m2!3m1!1s0x346835981a9c518d:0xd20ec76300af8ef5,中式,常用晚餐,是,2.41,120,
如意麵食館 牛肉麵（1/7起至2/11止，因故公休）,300台灣新竹市東區光復里光復路二段746號,https://www.google.com/maps/place/%E5%A6%82%E6%84%8F%E9%BA%B5%E9%A3%9F%E9%A4%A8+%E7%89%9B%E8%82%89%E9%BA%B5%EF%BC%881%2F7%E8%B5%B7%E8%87%B32%2F11%E6%AD%A2%EF%BC%8C%E5%9B%A0%E6%95%85%E5%85%AC%E4%BC%91%EF%BC%89/data=!4m2!3m1!1s0x346835e05eb4914d:0xfd9c8ff9144e656,中式,常用晚餐,是,2.28,120,
東寧宮轉角意麵,300台灣新竹市東區中正里東門街142號,https://www.google.com/maps/place/%E6%9D%B1%E5%AF%A7%E5%AE%AE%E8%BD%89%E8%A7%92%E6%84%8F%E9%BA%B5/data=!4m2!3m1!1s0x346835c19531b5bf:0x5a55fec553eee5e3,中式,常用晚餐,是,1.39,120,
Wooli印先生韓式料理,351台灣苗栗縣頭份市中興里信東路373號,https://www.google.com/maps/place/Wooli%E5%8D%B0%E5%85%88%E7%94%9F%E9%9F%93%E5%BC%8F%E6%96%99%E7%90%86/data=!4m2!3m1!1s0x34684d06732d37bf:0x777f4b687aae0ec0,韓式,常用晚餐,是,15.14,350,
富鴻燒鴨飯,300台灣新竹市北區光華里光華北街68號,https://www.google.com/maps/place/%E5%AF%8C%E9%B4%BB%E7%87%92%E9%B4%A8%E9%A3%AF/data=!4m2!3m1!1s0x3468356427caa433:0xb66ca26ff99472df,中式,常用晚餐,是,0.25,120,
螞蟻食鍋anT.hoT.poT｜無訂位，僅提供現場候位，謝謝！,300台灣新竹市北區新雅里和平路99號,https://www.google.com/maps/place/%E8%9E%9E%E8%9F%BB%E9%A3%9F%E9%8D%8BanT.hoT.poT%EF%BD%9C%E7%84%A1%E8%A8%82%E4%BD%8D%EF%BC%8C%E5%83%85%E6%8F%90%E4%BE%9B%E7%8F%BE%E5%A0%B4%E5%80%99%E4%BD%8D%EF%BC%8C%E8%AC%9D%E8%AC%9D%EF%BC%81/data=!4m2!3m1!1s0x346835097eb22705:0x3dd90906db8dfbd4,其他,常用晚餐,是,2.03,150,
富珍鄉豬腳專賣店,300台灣新竹市東區學府路359號,https://www.google.com/maps/place/%E5%AF%8C%E7%8F%8D%E9%84%89%E8%B1%AC%E8%85%B3%E5%B0%88%E8%B3%A3%E5%BA%97/data=!4m2!3m1!1s0x3468353e8c0c42fb:0xce7cb74249887e35,其他,常用晚餐,是,2.4,150,
璽子牛肉麵/新竹美食/新竹牛肉麵/新竹小吃/新竹推薦餐廳/新竹東區美食/新竹好吃,300台灣新竹市東區綠水里博愛街31號,https://www.google.com/maps/place/%E7%92%BD%E5%AD%90%E7%89%9B%E8%82%89%E9%BA%B5%2F%E6%96%B0%E7%AB%B9%E7%BE%8E%E9%A3%9F%2F%E6%96%B0%E7%AB%B9%E7%89%9B%E8%82%89%E9%BA%B5%2F%E6%96%B0%E7%AB%B9%E5%B0%8F%E5%90%83%2F%E6%96%B0%E7%AB%B9%E6%8E%A8%E8%96%A6%E9%A4%90%E5%BB%B3%2F%E6%96%B0%E7%AB%B9%E6%9D%B1%E5%8D%80%E7%BE%8E%E9%A3%9F%2F%E6%96%B0%E7%AB%B9%E5%A5%BD%E5%90%83/data=!4m2!3m1!1s0x346835e05baa2671:0xb8398ae101d6085,中式,常用晚餐,是,2.39,450,
樂樂ENJOY PASTA,300台灣新竹市東區光明里光復路二段161號,https://www.google.com/maps/place/%E6%A8%82%E6%A8%82ENJOY+PASTA/data=!4m2!3m1!1s0x34684e0396c6854b:0x5df64ddf82a78f39,義式,常用晚餐,是,2.68,350,
厚醍牛肉麵 新竹忠孝店,300台灣新竹市東區光復里忠孝路25-1號,https://www.google.com/maps/place/%E5%8E%9A%E9%86%8D%E7%89%9B%E8%82%89%E9%BA%B5+%E6%96%B0%E7%AB%B9%E5%BF%A0%E5%AD%9D%E5%BA%97/data=!4m2!3m1!1s0x346837791acd51d9:0xe9b678d4d3681322,中式,常用晚餐,是,2.34,120,
鳳荷三鮮,300台灣新竹市東區立功里光復路二段298巷2號,https://www.google.com/maps/place/%E9%B3%B3%E8%8D%B7%E4%B8%89%E9%AE%AE/data=!4m2!3m1!1s0x3468370d87114421:0x3d42d837a04ce12,其他,常用晚餐,是,3.44,150,
毅爾膳空廚-新竹健康餐盒|商務便當|午餐首選|舒肥餐|會議餐盒|外帶餐盒/私廚客制料理,300台灣新竹市東區新莊街228巷12弄29號,https://www.google.com/maps/place/%E6%AF%85%E7%88%BE%E8%86%B3%E7%A9%BA%E5%BB%9A-%E6%96%B0%E7%AB%B9%E5%81%A5%E5%BA%B7%E9%A4%90%E7%9B%92%7C%E5%95%86%E5%8B%99%E4%BE%BF%E7%95%B6%7C%E5%8D%88%E9%A4%90%E9%A6%96%E9%81%B8%7C%E8%88%92%E8%82%A5%E9%A4%90%7C%E6%9C%83%E8%AD%B0%E9%A4%90%E7%9B%92%7C%E5%A4%96%E5%B8%B6%E9%A4%90%E7%9B%92%2F%E7%A7%81%E5%BB%9A%E5%AE%A2%E5%88%B6%E6%96%99%E7%90%86/data=!4m2!3m1!1s0x346837d76687a1f9:0x8b6e6fca29f3d862,其他,常用晚餐,是,5.48,150,
喜憨兒創作料理新竹建中店(電話訂位),300台灣新竹市東區武功里建中路55號,https://www.google.com/maps/place/%E5%96%9C%E6%86%A8%E5%85%92%E5%89%B5%E4%BD%9C%E6%96%99%E7%90%86%E6%96%B0%E7%AB%B9%E5%BB%BA%E4%B8%AD%E5%BA%97(%E9%9B%BB%E8%A9%B1%E8%A8%82%E4%BD%8D)/data=!4m2!3m1!1s0x34683673c1b550f7:0x63464829b37d7521,其他,常用晚餐,是,2.7,150,
Oya Pizzeria 無訂位服務 周日、一店休,300台灣新竹市東區豐功里建中路103號,https://www.google.com/maps/place/Oya+Pizzeria+%E7%84%A1%E8%A8%82%E4%BD%8D%E6%9C%8D%E5%8B%99+%E5%91%A8%E6%97%A5%E3%80%81%E4%B8%80%E5%BA%97%E4%BC%91/data=!4m2!3m1!1s0x346835c0481ced9b:0x44bf8a583c99bb8c,其他,常用晚餐,是,2.66,150,
儷舍坊,300台灣新竹市東區科園里科學園路34號,https://www.google.com/maps/place/%E5%84%B7%E8%88%8D%E5%9D%8A/data=!4m2!3m1!1s0x34683616318a27d1:0xe3c07d06a0ae4db2,其他,常用晚餐,是,4.97,150,
山也餐盒 竹科店,300台灣新竹市東區科園里科學園路1號,https://www.google.com/maps/place/%E5%B1%B1%E4%B9%9F%E9%A4%90%E7%9B%92+%E7%AB%B9%E7%A7%91%E5%BA%97/data=!4m2!3m1!1s0x346837001bfdf949:0x4a91655aa0d51ea2,其他,常用晚餐,是,4.94,150,
豚將日本拉麵,710台灣臺南市永康區塩行里中正七街76號,https://www.google.com/maps/place/%E8%B1%9A%E5%B0%87%E6%97%A5%E6%9C%AC%E6%8B%89%E9%BA%B5/data=!4m2!3m1!1s0x346835d939e87143:0x45b22755ab25768f,日式,常用晚餐,是,210.99,250,平價
羅記牛肉貓耳麵,300台灣新竹市東區光明里水源街62號,https://www.google.com/maps/place/%E7%BE%85%E8%A8%98%E7%89%9B%E8%82%89%E8%B2%93%E8%80%B3%E9%BA%B5/data=!4m2!3m1!1s0x346837c14be60025:0x299d7edaeb7a2ad,中式,常用晚餐,是,2.56,120,麻婆豆腐
周記小廚,300台灣新竹市北區湳雅里湳雅街101號300之2,https://www.google.com/maps/place/%E5%91%A8%E8%A8%98%E5%B0%8F%E5%BB%9A/data=!4m2!3m1!1s0x346835cc17c478c3:0x6562ea9a6a4b06f,其他,常用晚餐,是,0.38,150,
德壹牛肉麵,300台灣新竹市北區光田里東大路二段158號,https://www.google.com/maps/place/%E5%BE%B7%E5%A3%B9%E7%89%9B%E8%82%89%E9%BA%B5/data=!4m2!3m1!1s0x346835c86a44cad9:0x7561f67cd8f21459,中式,常用晚餐,是,0.72,120,
剛剛好食,300台灣新竹市東區金山里金山十七街26號1樓,https://www.google.com/maps/place/%E5%89%9B%E5%89%9B%E5%A5%BD%E9%A3%9F/data=!4m2!3m1!1s0x34684be70584f125:0xe60de0a431d0610a,其他,常用晚餐,是,6.72,150,
雞肉男雞肉飯,300台灣新竹市東區南大里食品路221號,https://www.google.com/maps/place/%E9%9B%9E%E8%82%89%E7%94%B7%E9%9B%9E%E8%82%89%E9%A3%AF/data=!4m2!3m1!1s0x34683513ef15217d:0x6b3b695eb04496ad,中式,常用晚餐,是,2.25,120,
拉麵家 長安店,300台灣新竹市北區仁德里長安街41之1號,https://www.google.com/maps/place/%E6%8B%89%E9%BA%B5%E5%AE%B6+%E9%95%B7%E5%AE%89%E5%BA%97/data=!4m2!3m1!1s0x3468356f48fb7c03:0xc492f45610d7f88c,日式,常用晚餐,是,1.43,250,
養鍋 Yang Guo 石頭涮涮鍋 新竹市府店,300台灣新竹市北區大同里中正路117號,https://www.google.com/maps/place/%E9%A4%8A%E9%8D%8B+Yang+Guo+%E7%9F%B3%E9%A0%AD%E6%B6%AE%E6%B6%AE%E9%8D%8B+%E6%96%B0%E7%AB%B9%E5%B8%82%E5%BA%9C%E5%BA%97/data=!4m2!3m1!1s0x3468355f27bb3d11:0x1a1edae93302f6bc,其他,常用晚餐,是,1.11,150,
豐味美食坊-新竹快炒店,300台灣新竹市北區湳雅里武陵路230號,https://www.google.com/maps/place/%E8%B1%90%E5%91%B3%E7%BE%8E%E9%A3%9F%E5%9D%8A-%E6%96%B0%E7%AB%B9%E5%BF%AB%E7%82%92%E5%BA%97/data=!4m2!3m1!1s0x346835a29d7c2e1f:0xfc9235f43f945092,其他,常用晚餐,是,0.73,150,
樂客Rock’s Cooking(店休11/12-13,300台灣新竹市東區東園里鐵道路一段51號,https://www.google.com/maps/place/%E6%A8%82%E5%AE%A2Rock%E2%80%99s+Cooking(%E5%BA%97%E4%BC%9111%2F12-13/data=!4m2!3m1!1s0x346835092d60cae3:0x594271d19ef2699b,其他,常用晚餐,是,1.14,150,
珍悅 香港大排檔,300台灣新竹市東區三民里民生路71號,https://www.google.com/maps/place/%E7%8F%8D%E6%82%85+%E9%A6%99%E6%B8%AF%E5%A4%A7%E6%8E%92%E6%AA%94/data=!4m2!3m1!1s0x346835db1ef38495:0x94b83a974700bebb,其他,常用晚餐,是,0.93,150,
TNT美式炭烤牛排-新竹店,300台灣新竹市東區復中里民生路165號,https://www.google.com/maps/place/TNT%E7%BE%8E%E5%BC%8F%E7%82%AD%E7%83%A4%E7%89%9B%E6%8E%92-%E6%96%B0%E7%AB%B9%E5%BA%97/data=!4m2!3m1!1s0x346835001d5f3155:0xdf32db11d4939bf5,美式,常用晚餐,是,0.63,400,
富田園飯麵館,300台灣新竹市東區三民里民族路209號,https://www.google.com/maps/place/%E5%AF%8C%E7%94%B0%E5%9C%92%E9%A3%AF%E9%BA%B5%E9%A4%A8/data=!4m2!3m1!1s0x346835da5a7b693d:0x6becc5563169e289,中式,常用晚餐,是,0.96,120,炒飯/炒麵/乾炒牛河
阿吉海鮮,300台灣新竹市東區復興里民主路91號,https://www.google.com/maps/place/%E9%98%BF%E5%90%89%E6%B5%B7%E9%AE%AE/data=!4m2!3m1!1s0x346835da79513af7:0x6cc62a61c3e92e53,中式,常用晚餐,是,0.82,450,
玉山自助餐,300台灣新竹市東區文華里光華東街10號,https://www.google.com/maps/place/%E7%8E%89%E5%B1%B1%E8%87%AA%E5%8A%A9%E9%A4%90/data=!4m2!3m1!1s0x346835cfb4791401:0xdbd18f2b58c02cdc,其他,常用晚餐,是,0.16,150,
The Slice Shop,106台灣臺北市大安區通安里安和路二段69巷18號一樓,https://www.google.com/maps/place/The+Slice+Shop/data=!4m2!3m1!1s0x3442abb3780b3cb5:0xf382cf0081d3e981,其他,徐海莉,是,63.09,150,
佐佧義式窯烤披薩屋,106台灣臺北市大安區通安里安和路二段69巷3號,https://www.google.com/maps/place/%E4%BD%90%E4%BD%A7%E7%BE%A9%E5%BC%8F%E7%AA%AF%E7%83%A4%E6%8A%AB%E8%96%A9%E5%B1%8B/data=!4m2!3m1!1s0x3442abcc96586839:0x698b2a2e01a24f4b,義式,徐海莉,是,63.09,350,純正義式薄皮
蔡 迪化街古早味蚵嗲,103台灣臺北市大同區永樂里民生西路362巷40號,https://www.google.com/maps/place/%E8%94%A1+%E8%BF%AA%E5%8C%96%E8%A1%97%E5%8F%A4%E6%97%A9%E5%91%B3%E8%9A%B5%E5%97%B2/data=!4m2!3m1!1s0x3442a91391ac8be7:0xae44a2cf44fa5da5,其他,徐海莉,是,60.34,150,
姚德和 青草號,103台灣臺北市大同區永樂里民樂街55號57號,https://www.google.com/maps/place/%E5%A7%9A%E5%BE%B7%E5%92%8C+%E9%9D%92%E8%8D%89%E8%99%9F/data=!4m2!3m1!1s0x3442a9147ee9d47f:0x94e41e5cf24bfbe2,其他,徐海莉,是,60.35,150,
老竹子三發包子,103台灣臺北市大同區永樂里迪化街一段21號,https://www.google.com/maps/place/%E8%80%81%E7%AB%B9%E5%AD%90%E4%B8%89%E7%99%BC%E5%8C%85%E5%AD%90/data=!4m2!3m1!1s0x3442a913880d53b5:0x2889d540101195ec,中式,徐海莉,是,60.29,120,
林合發油飯店,103台灣臺北市大同區永樂里迪化街一段21號,https://www.google.com/maps/place/%E6%9E%97%E5%90%88%E7%99%BC%E6%B2%B9%E9%A3%AF%E5%BA%97/data=!4m2!3m1!1s0x3442a913890b7179:0x3de26de9acb7f42d,其他,徐海莉,是,60.29,未知,
永樂車輪餅 | 古早味車輪餅,103台灣臺北市大同區大有里迪化街一段146號騎樓號,https://www.google.com/maps/place/%E6%B0%B8%E6%A8%82%E8%BB%8A%E8%BC%AA%E9%A4%85+%7C+%E5%8F%A4%E6%97%A9%E5%91%B3%E8%BB%8A%E8%BC%AA%E9%A4%85/data=!4m2!3m1!1s0x3442a913880d53b5:0xd286ca4f37b73753,其他,徐海莉,是,60.36,150,
陳家糧舍,103台灣臺北市大同區大有里迪化街一段217號,https://www.google.com/maps/place/%E9%99%B3%E5%AE%B6%E7%B3%A7%E8%88%8D/data=!4m2!3m1!1s0x3442a90bfdf48b2b:0x34c8d5f4a49b0e67,其他,徐海莉,是,60.44,150,
夏樹甜品,103台灣臺北市大同區迪化街一段240號,https://www.google.com/maps/place/%E5%A4%8F%E6%A8%B9%E7%94%9C%E5%93%81/data=!4m2!3m1!1s0x3442abbbd49806b5:0x6505e784294c8e13,其他,徐海莉,是,60.43,150,
賣麵炎仔,103台灣臺北市大同區南芳里安西街106號,https://www.google.com/maps/place/%E8%B3%A3%E9%BA%B5%E7%82%8E%E4%BB%94/data=!4m2!3m1!1s0x3442a93e17f677f7:0x436a32785a5bfc9b,中式,徐海莉,是,60.54,120,
大橋頭胡椒餅,103台灣臺北市大同區南芳里延平北路二段272巷口號,https://www.google.com/maps/place/%E5%A4%A7%E6%A9%8B%E9%A0%AD%E8%83%A1%E6%A4%92%E9%A4%85/data=!4m2!3m1!1s0x3442a93e529d2fe9:0x97b098936bc7baf2,其他,徐海莉,是,60.65,150,
滋養和菓子,10347台灣臺北市大同區大有里迪化街一段247號,https://www.google.com/maps/place/%E6%BB%8B%E9%A4%8A%E5%92%8C%E8%8F%93%E5%AD%90/data=!4m2!3m1!1s0x3442a96c7f213745:0xf87b55be5f35131f,其他,徐海莉,是,60.47,150,草莓大福
阿角紅燒肉劉美麗,103台灣臺北市大同區南芳里延平北路二段247巷2號目前只賣燒肉麵攤休息,https://www.google.com/maps/place/%E9%98%BF%E8%A7%92%E7%B4%85%E7%87%92%E8%82%89%E5%8A%89%E7%BE%8E%E9%BA%97/data=!4m2!3m1!1s0x3442a93fac43e0dd:0x390fb8e4044ff5b0,其他,徐海莉,是,60.75,150,
黄龍莊,100台灣臺北市中正區牯嶺街43號,https://www.google.com/maps/place/%E9%BB%84%E9%BE%8D%E8%8E%8A/data=!4m2!3m1!1s0x3442a998fbe65f61:0xd9b06c0c092ed225,其他,徐海莉,是,59.7,150,
餓菱居,106台灣臺北市大安區群英里四維路170巷26號,https://www.google.com/maps/place/%E9%A4%93%E8%8F%B1%E5%B1%85/data=!4m2!3m1!1s0x3442abc8eed38787:0xa07ad8a807ac0c36,其他,徐海莉,是,62.41,150,
京鼎小館,105台灣臺北市松山區中華里敦化北路155巷13號,https://www.google.com/maps/place/%E4%BA%AC%E9%BC%8E%E5%B0%8F%E9%A4%A8/data=!4m2!3m1!1s0x3442abe8e5383533:0x7e7a83a63541962c,其他,徐海莉,是,63.92,150,
三盛｜刺身 • 握壽司 • 壽司,300台灣新竹市東區育賢里民族路33之2號,https://www.google.com/maps/place/%E4%B8%89%E7%9B%9B%EF%BD%9C%E5%88%BA%E8%BA%AB+%E2%80%A2+%E6%8F%A1%E5%A3%BD%E5%8F%B8+%E2%80%A2+%E5%A3%BD%E5%8F%B8/data=!4m2!3m1!1s0x346835002c6af6d7:0xd746fa3ffe3ea3eb,日式,想去的地點,否,1.2,300,
民權咔啦炸雞,300台灣新竹市東區復中里民權路195號,https://www.google.com/maps/place/%E6%B0%91%E6%AC%8A%E5%92%94%E5%95%A6%E7%82%B8%E9%9B%9E/data=!4m2!3m1!1s0x346835c501b741b1:0xc746a1715ae33ab,其他,想去的地點,否,0.68,150,thread/甩油
李美樂鹹水雞專賣店-新竹鹹水雞首選|巨城/湳雅/光華商圈鹹水雞專賣店|街邊美食|外帶美食|鹹水雞推薦|舒肥餐|必吃鹹水雞|人氣鹹水雞,300台灣新竹市北區光華里湳雅街38號,https://www.google.com/maps/place/%E6%9D%8E%E7%BE%8E%E6%A8%82%E9%B9%B9%E6%B0%B4%E9%9B%9E%E5%B0%88%E8%B3%A3%E5%BA%97-%E6%96%B0%E7%AB%B9%E9%B9%B9%E6%B0%B4%E9%9B%9E%E9%A6%96%E9%81%B8%7C%E5%B7%A8%E5%9F%8E%2F%E6%B9%B3%E9%9B%85%2F%E5%85%89%E8%8F%AF%E5%95%86%E5%9C%88%E9%B9%B9%E6%B0%B4%E9%9B%9E%E5%B0%88%E8%B3%A3%E5%BA%97%7C%E8%A1%97%E9%82%8A%E7%BE%8E%E9%A3%9F%7C%E5%A4%96%E5%B8%B6%E7%BE%8E%E9%A3%9F%7C%E9%B9%B9%E6%B0%B4%E9%9B%9E%E6%8E%A8%E8%96%A6%7C%E8%88%92%E8%82%A5%E9%A4%90%7C%E5%BF%85%E5%90%83%E9%B9%B9%E6%B0%B4%E9%9B%9E%7C%E4%BA%BA%E6%B0%A3%E9%B9%B9%E6%B0%B4%E9%9B%9E/data=!4m2!3m1!1s0x346835d110904d83:0xeae875ba81915bcd,其他,想去的地點,否,0.34,150,
唐人街茶餐廳,407台灣臺中市西屯區福聯里玉門路25號,https://www.google.com/maps/place/%E5%94%90%E4%BA%BA%E8%A1%97%E8%8C%B6%E9%A4%90%E5%BB%B3/data=!4m2!3m1!1s0x346915e4a63e2b11:0xb3cea5c7ded334ff,中式,想去的地點,否,79.21,450,
雙月食品社 竹北店,302台灣新竹縣竹北市福德里中正東路335巷2弄6號1樓,https://www.google.com/maps/place/%E9%9B%99%E6%9C%88%E9%A3%9F%E5%93%81%E7%A4%BE+%E7%AB%B9%E5%8C%97%E5%BA%97/data=!4m2!3m1!1s0x346837004658f8d3:0x94c9bc2a7445e937,其他,想去的地點,否,4.33,150,
HOYA燒肉,302台灣新竹縣竹北市東平里六家一路一段7號一樓,https://www.google.com/maps/place/HOYA%E7%87%92%E8%82%89/data=!4m2!3m1!1s0x3468370320e0019f:0x6a51fbf990f09399,其他,想去的地點,否,5.2,150,
小里子海鮮,103台灣臺北市大同區保安里哈密街93號,https://www.google.com/maps/place/%E5%B0%8F%E9%87%8C%E5%AD%90%E6%B5%B7%E9%AE%AE/data=!4m2!3m1!1s0x3442a949c4c78fe1:0x448b414b7582b95e,中式,想去的地點,否,61.57,450,
貝蛤蛤海鮮餐酒館-新竹店,300台灣新竹市東區南門里中華路二段548號,https://www.google.com/maps/place/%E8%B2%9D%E8%9B%A4%E8%9B%A4%E6%B5%B7%E9%AE%AE%E9%A4%90%E9%85%92%E9%A4%A8-%E6%96%B0%E7%AB%B9%E5%BA%97/data=!4m2!3m1!1s0x34683528a0009671:0xe078e6edd580136e,中式,想去的地點,否,1.83,450,
豪食,300台灣新竹市東區綠水里學府路156號,https://www.google.com/maps/place/%E8%B1%AA%E9%A3%9F/data=!4m2!3m1!1s0x346835b1685eaf07:0x17b9592fd9310023,中式,想去的地點,否,2.43,120,蒸蛋飯
銀記手擀刀切牛肉麵,100台灣臺北市中正區梅花里八德路一段82巷9弄17號,https://www.google.com/maps/place/%E9%8A%80%E8%A8%98%E6%89%8B%E6%93%80%E5%88%80%E5%88%87%E7%89%9B%E8%82%89%E9%BA%B5/data=!4m2!3m1!1s0x3442a97ca0f744ab:0x8673faa071b6a5c9,中式,想去的地點,否,61.67,120,大碗
福哥石窯雞羅東店,268台灣宜蘭縣五結鄉五結村國民中路12-16號,https://www.google.com/maps/place/%E7%A6%8F%E5%93%A5%E7%9F%B3%E7%AA%AF%E9%9B%9E%E7%BE%85%E6%9D%B1%E5%BA%97/data=!4m2!3m1!1s0x3467e506cbbe2741:0xfd0c89844a2140b0,其他,想去的地點,否,83.72,150,走著走著
榅燻Comfort Table Smoke BBQ(線上菜單已更新),302台灣新竹縣竹北市竹仁里仁德街11號,https://www.google.com/maps/place/%E6%A6%85%E7%87%BBComfort+Table+Smoke+BBQ(%E7%B7%9A%E4%B8%8A%E8%8F%9C%E5%96%AE%E5%B7%B2%E6%9B%B4%E6%96%B0)/data=!4m2!3m1!1s0x34683778547b0de7:0xf1dc91b1141b1e3a,其他,想去的地點,否,4.54,150,煙燻牛胸/起司通心粉
甘蔗王鳳梨王桶仔雞,302台灣新竹縣竹北市新國里華興街265號,https://www.google.com/maps/place/%E7%94%98%E8%94%97%E7%8E%8B%E9%B3%B3%E6%A2%A8%E7%8E%8B%E6%A1%B6%E4%BB%94%E9%9B%9E/data=!4m2!3m1!1s0x346837c033db89f5:0x41a3b1a47fccd51d,其他,想去的地點,否,3.62,150,
煙癮Smoked BBQ,300台灣新竹市北區文華里田美三街26號,https://www.google.com/maps/place/%E7%85%99%E7%99%AESmoked+BBQ/data=!4m2!3m1!1s0x3468359a3b56f57f:0x43b205eb8467f203,其他,想去的地點,否,0.35,150,
八田 手作油飯·豆花（國定假日公休）,300台灣新竹市東區學府路383號,https://www.google.com/maps/place/%E5%85%AB%E7%94%B0+%E6%89%8B%E4%BD%9C%E6%B2%B9%E9%A3%AF%C2%B7%E8%B1%86%E8%8A%B1%EF%BC%88%E5%9C%8B%E5%AE%9A%E5%81%87%E6%97%A5%E5%85%AC%E4%BC%91%EF%BC%89/data=!4m2!3m1!1s0x34683537c676f7a9:0x61c9c4c239c55d53,中式,想去的地點,否,2.24,120,波妞
鰻丼作（公休日請見臉書動態）寵物友善餐廳,700台灣臺南市中西區南美里永福路二段35巷11號,https://www.google.com/maps/place/%E9%B0%BB%E4%B8%BC%E4%BD%9C%EF%BC%88%E5%85%AC%E4%BC%91%E6%97%A5%E8%AB%8B%E8%A6%8B%E8%87%89%E6%9B%B8%E5%8B%95%E6%85%8B%EF%BC%89%E5%AF%B5%E7%89%A9%E5%8F%8B%E5%96%84%E9%A4%90%E5%BB%B3/data=!4m2!3m1!1s0x346e767cbabb6291:0xd667be72f2238988,日式,想去的地點,否,217.67,600,鐵牛
野叔主廚私房料理,300台灣新竹市東區綠水里園後街4號,https://www.google.com/maps/place/%E9%87%8E%E5%8F%94%E4%B8%BB%E5%BB%9A%E7%A7%81%E6%88%BF%E6%96%99%E7%90%86/data=!4m2!3m1!1s0x346835df94bc30b5:0x876fdd96780d660d,其他,想去的地點,否,2.18,150,薄羽，刺蔥
山口六家食堂,302台灣新竹縣竹北市鹿場里自強南路36號2 樓,https://www.google.com/maps/place/%E5%B1%B1%E5%8F%A3%E5%85%AD%E5%AE%B6%E9%A3%9F%E5%A0%82/data=!4m2!3m1!1s0x34683702329d1955:0xce6e29cb48d5a5eb,中式,想去的地點,否,5.41,120,小葉
阿男麻油雞,100台灣臺北市中正區忠勤里中華路二段311巷34號,https://www.google.com/maps/place/%E9%98%BF%E7%94%B7%E9%BA%BB%E6%B2%B9%E9%9B%9E/data=!4m2!3m1!1s0x3442a9bb3aa961e7:0xd3b7b58a43d64245,其他,想去的地點,否,58.73,150,丁特
瘋蝦吃到飽,403台灣臺中市西區吉龍里五權西三街105-1號,https://www.google.com/maps/place/%E7%98%8B%E8%9D%A6%E5%90%83%E5%88%B0%E9%A3%BD/data=!4m2!3m1!1s0x34693da88827b0ef:0x7e561dec6b753fcd,其他,想去的地點,否,82.04,150,
小曾擔舖,302台灣新竹縣竹北市北崙里縣政十街68號,https://www.google.com/maps/place/%E5%B0%8F%E6%9B%BE%E6%93%94%E8%88%96/data=!4m2!3m1!1s0x346837ec455e1cbf:0xd24f41c76fe5ad23,其他,想去的地點,否,3.85,150,
六家橋頭早餐,300台灣新竹縣竹北市東平里自強南路251號,https://www.google.com/maps/place/%E5%85%AD%E5%AE%B6%E6%A9%8B%E9%A0%AD%E6%97%A9%E9%A4%90/data=!4m2!3m1!1s0x34683657f97fb64f:0x5879c6796d1cef70,其他,想去的地點,否,4.97,150,
富士豬排 とんかつ富士 熟成豬排 小巨蛋店,105台灣臺北市松山區東勢里健康路50號1樓,https://www.google.com/maps/place/%E5%AF%8C%E5%A3%AB%E8%B1%AC%E6%8E%92+%E3%81%A8%E3%82%93%E3%81%8B%E3%81%A4%E5%AF%8C%E5%A3%AB+%E7%86%9F%E6%88%90%E8%B1%AC%E6%8E%92+%E5%B0%8F%E5%B7%A8%E8%9B%8B%E5%BA%97/data=!4m2!3m1!1s0x3442ab11fba1b1a9:0xda8c58618ce2a8aa,其他,想去的地點,否,64.09,150,萊斯
IKIGAI 燒肉專門店-台中新朝富店,407台灣臺中市西屯區潮洋里朝富路100號2樓,https://www.google.com/maps/place/IKIGAI+%E7%87%92%E8%82%89%E5%B0%88%E9%96%80%E5%BA%97-%E5%8F%B0%E4%B8%AD%E6%96%B0%E6%9C%9D%E5%AF%8C%E5%BA%97/data=!4m2!3m1!1s0x34693dd4bfe6c9ef:0x4f8a630bb3b9adfe,其他,想去的地點,否,79.95,150,
九蝦行製蝦專門所,500台灣彰化縣彰化市永生里永樂街27-1號,https://www.google.com/maps/place/%E4%B9%9D%E8%9D%A6%E8%A1%8C%E8%A3%BD%E8%9D%A6%E5%B0%88%E9%96%80%E6%89%80/data=!4m2!3m1!1s0x34693961e9d1b8fd:0xfbaaeffcc5b8d747,其他,想去的地點,否,93.09,150,民眾台8線
高家莊米苔目,104台灣臺北市中山區中山里林森北路279號,https://www.google.com/maps/place/%E9%AB%98%E5%AE%B6%E8%8E%8A%E7%B1%B3%E8%8B%94%E7%9B%AE/data=!4m2!3m1!1s0x3442a967dff20577:0x68c4d8dc6313a844,其他,想去的地點,否,61.69,150,Eli
大橋頭米糕,103台灣臺北市大同區隆和里延平北路三段41號,https://www.google.com/maps/place/%E5%A4%A7%E6%A9%8B%E9%A0%AD%E7%B1%B3%E7%B3%95/data=!4m2!3m1!1s0x3442a93ed634cd47:0x3a4001a982bec955,中式,想去的地點,否,60.86,120,Eli
林江牛肉麵,111台灣臺北市士林區社子里社中街130號,https://www.google.com/maps/place/%E6%9E%97%E6%B1%9F%E7%89%9B%E8%82%89%E9%BA%B5/data=!4m2!3m1!1s0x3442aec8e60ef099:0x57c7fa035afaa853,中式,想去的地點,否,62.09,120,Eli
雙連圓仔湯,103台灣臺北市大同區光能里民生西路136號,https://www.google.com/maps/place/%E9%9B%99%E9%80%A3%E5%9C%93%E4%BB%94%E6%B9%AF/data=!4m2!3m1!1s0x3442a96a11391b2b:0xf14198f38b3a86e5,中式,想去的地點,否,61.18,120,Eli
麵線傳奇,104台灣臺北市中山區集英里天祥路39號,https://www.google.com/maps/place/%E9%BA%B5%E7%B7%9A%E5%82%B3%E5%A5%87/data=!4m2!3m1!1s0x3442a943c0e47157:0x61627474cc06645d,中式,想去的地點,否,61.59,120,Eli
阿桐阿寶四神湯,103台灣臺北市大同區雙連里民生西路153號,https://www.google.com/maps/place/%E9%98%BF%E6%A1%90%E9%98%BF%E5%AF%B6%E5%9B%9B%E7%A5%9E%E6%B9%AF/data=!4m2!3m1!1s0x3442a96a67c9be13:0xba1ef70fcd5a52bc,中式,想去的地點,否,61.06,120,Eli
阿東窯烤雞 新竹店,307台灣新竹縣芎林鄉新鳳村富林路二段556-1號,https://www.google.com/maps/place/%E9%98%BF%E6%9D%B1%E7%AA%AF%E7%83%A4%E9%9B%9E+%E6%96%B0%E7%AB%B9%E5%BA%97/data=!4m2!3m1!1s0x3468386c006dec1d:0xd55b69f30b18a784,其他,想去的地點,否,13.18,150,吊車大王推薦
福泰飯桌,700台灣臺南市中西區赤嵌里民族路二段240號,https://www.google.com/maps/place/%E7%A6%8F%E6%B3%B0%E9%A3%AF%E6%A1%8C/data=!4m2!3m1!1s0x346e7661706ecac7:0x8b61cd5f7180e3eb,中式,想去的地點,否,216.94,120,
福泰飯桌 第三代,700台灣臺南市中西區赤嵌里民族路二段219號,https://www.google.com/maps/place/%E7%A6%8F%E6%B3%B0%E9%A3%AF%E6%A1%8C+%E7%AC%AC%E4%B8%89%E4%BB%A3/data=!4m2!3m1!1s0x346e7661ffdf83e7:0x46c60109efec100,中式,想去的地點,否,216.96,120,
富錦樹台菜香檳 敦北店,10548台灣臺北市松山區精忠里敦化北路199巷17號1樓,https://www.google.com/maps/place/%E5%AF%8C%E9%8C%A6%E6%A8%B9%E5%8F%B0%E8%8F%9C%E9%A6%99%E6%AA%B3+%E6%95%A6%E5%8C%97%E5%BA%97/data=!4m2!3m1!1s0x3442abeeb8cfa39d:0x29ae480e77529935,其他,想去的地點,否,64.23,150,
臭二爺|素食|清蒸臭豆腐,300台灣新竹市北區中山里中山路36號,https://www.google.com/maps/place/%E8%87%AD%E4%BA%8C%E7%88%BA%7C%E7%B4%A0%E9%A3%9F%7C%E6%B8%85%E8%92%B8%E8%87%AD%E8%B1%86%E8%85%90/data=!4m2!3m1!1s0x346835b9c97adb6d:0xbd491e4b8eab9e8e,中式,想去的地點,否,1.32,120,
粟家牛肉麵 總店,112台灣臺北市北投區中庸里永興路一段2號,https://www.google.com/maps/place/%E7%B2%9F%E5%AE%B6%E7%89%9B%E8%82%89%E9%BA%B5+%E7%B8%BD%E5%BA%97/data=!4m2!3m1!1s0x3442ae518a600afb:0xd646fcc1f6a07149,中式,想去的地點,否,63.94,120,Eli
美鮮牛肉湯,702台灣臺南市南區鹽埕里新興路419號之1號號,https://www.google.com/maps/place/%E7%BE%8E%E9%AE%AE%E7%89%9B%E8%82%89%E6%B9%AF/data=!4m2!3m1!1s0x346e75dbac4a6a15:0x25f38baa606adaab,中式,想去的地點,否,219.65,120,好味小姐環島
隱焱匠｜日式燒肉,302台灣新竹縣竹北市莊敬七街45號1樓,https://www.google.com/maps/place/%E9%9A%B1%E7%84%B1%E5%8C%A0%EF%BD%9C%E6%97%A5%E5%BC%8F%E7%87%92%E8%82%89/data=!4m2!3m1!1s0x346837fa4fa76a9f:0x790da2e4099d16b7,日式,想去的地點,否,5.8,600,
黔園川菜餐廳,108台灣臺北市萬華區西門里峨眉街88-1號,https://www.google.com/maps/place/%E9%BB%94%E5%9C%92%E5%B7%9D%E8%8F%9C%E9%A4%90%E5%BB%B3/data=!4m2!3m1!1s0x3442a9089154ab69:0xd3b752ee0728503b,其他,想去的地點,否,59.16,150,ig
新光黃昏市場 逸香閣 ｜鵝肉｜烤鴨｜概念館,401台灣臺中市東區東英里十甲路470號新光市場6路7街,https://www.google.com/maps/place/%E6%96%B0%E5%85%89%E9%BB%83%E6%98%8F%E5%B8%82%E5%A0%B4+%E9%80%B8%E9%A6%99%E9%96%A3+%EF%BD%9C%E9%B5%9D%E8%82%89%EF%BD%9C%E7%83%A4%E9%B4%A8%EF%BD%9C%E6%A6%82%E5%BF%B5%E9%A4%A8/data=!4m2!3m1!1s0x34693d42c93eef81:0x3bec4c882826f5ce,中式,想去的地點,否,79.31,120,ig
EILONG宜龍 新竹東門｜高質感茶具·咖啡器具｜商務送禮｜節慶送禮首選｜泡茶·手沖咖啡體驗,300台灣新竹市東區中正里中正路46號1樓,https://www.google.com/maps/place/EILONG%E5%AE%9C%E9%BE%8D+%E6%96%B0%E7%AB%B9%E6%9D%B1%E9%96%80%EF%BD%9C%E9%AB%98%E8%B3%AA%E6%84%9F%E8%8C%B6%E5%85%B7%C2%B7%E5%92%96%E5%95%A1%E5%99%A8%E5%85%B7%EF%BD%9C%E5%95%86%E5%8B%99%E9%80%81%E7%A6%AE%EF%BD%9C%E7%AF%80%E6%85%B6%E9%80%81%E7%A6%AE%E9%A6%96%E9%81%B8%EF%BD%9C%E6%B3%A1%E8%8C%B6%C2%B7%E6%89%8B%E6%B2%96%E5%92%96%E5%95%A1%E9%AB%94%E9%A9%97/data=!4m2!3m1!1s0x346835bda9e7c04b:0xd9fd8a92cfadc47e,其他,想去的地點,否,1.31,150,內人推薦
太初麵食,408台灣臺中市南屯區惠中里公益路二段115號,https://www.google.com/maps/place/%E5%A4%AA%E5%88%9D%E9%BA%B5%E9%A3%9F/data=!4m2!3m1!1s0x34693d96ffffffff:0x9ca4b5a8ac869869,中式,想去的地點,否,80.95,120,司機推薦
小馬客,300台灣新竹市東區台溪里中華路三段18號1樓,https://www.google.com/maps/place/%E5%B0%8F%E9%A6%AC%E5%AE%A2/data=!4m2!3m1!1s0x346835ed18ab6d49:0x9e1957ee27533924,其他,想去的地點,否,2.36,150,
阿亮海產店,961台灣臺東縣成功鎮三仙里芝田路186之7,https://www.google.com/maps/place/%E9%98%BF%E4%BA%AE%E6%B5%B7%E7%94%A2%E5%BA%97/data=!4m2!3m1!1s0x346f7172b19c5711:0xe14b8b3b9e0803e6,其他,想去的地點,否,193.86,150,賴爸/海豬腳/本港旭蟹/本港龍蝦/這個魚/蚵仔
台南福生小食店,700台灣臺南市中西區南廠里海安路一段100號,https://www.google.com/maps/place/%E5%8F%B0%E5%8D%97%E7%A6%8F%E7%94%9F%E5%B0%8F%E9%A3%9F%E5%BA%97/data=!4m2!3m1!1s0x346e767a58c7b235:0x20b4544152ebca6b,中式,想去的地點,否,217.96,120,志明/鱔魚意麵
溫爸鵝肉（數量有限 完售即收）,70444台灣臺南市北區長興里西門路三段274號,https://www.google.com/maps/place/%E6%BA%AB%E7%88%B8%E9%B5%9D%E8%82%89%EF%BC%88%E6%95%B8%E9%87%8F%E6%9C%89%E9%99%90+%E5%AE%8C%E5%94%AE%E5%8D%B3%E6%94%B6%EF%BC%89/data=!4m2!3m1!1s0x346e7761c31d00d7:0xba762c11ad186dbd,中式,想去的地點,否,216.05,120,志明/鵝肉飯
台南市牛家莊牛肉湯,70056台灣臺南市中西區南廠里郡西路86號,https://www.google.com/maps/place/%E5%8F%B0%E5%8D%97%E5%B8%82%E7%89%9B%E5%AE%B6%E8%8E%8A%E7%89%9B%E8%82%89%E6%B9%AF/data=!4m2!3m1!1s0x346e767a059d39cb:0xa396e5d3dd1f8587,中式,想去的地點,否,217.99,120,志明/牛肉蛋花湯
有飯開炒飯,302台灣新竹縣竹北市鹿場里自強五路70號,https://www.google.com/maps/place/%E6%9C%89%E9%A3%AF%E9%96%8B%E7%82%92%E9%A3%AF/data=!4m2!3m1!1s0x346836fa6b3e298b:0xf485944087bcadbb,中式,想去的地點,否,5.02,120,薄羽
大碗公牛肉麵,116台灣臺北市文山區華興里木柵路一段294號,https://www.google.com/maps/place/%E5%A4%A7%E7%A2%97%E5%85%AC%E7%89%9B%E8%82%89%E9%BA%B5/data=!4m2!3m1!1s0x3442aa0a54c8d991:0x2cc70b571efc49e6,中式,想去的地點,否,61.85,120,月希
牛爸爸牛肉麵,114台灣臺北市內湖區寶湖里民權東路六段149號一樓,https://www.google.com/maps/place/%E7%89%9B%E7%88%B8%E7%88%B8%E7%89%9B%E8%82%89%E9%BA%B5/data=!4m2!3m1!1s0x3442abc5fc2c903f:0xac6fc6a39b604db2,中式,想去的地點,否,68.63,120,月希
江牛樓,103台灣臺北市大同區 大同区 民樂街6號,https://www.google.com/maps/place/%E6%B1%9F%E7%89%9B%E6%A8%93/data=!4m2!3m1!1s0x3442a925115d13cf:0x5e806f3067dbf4dd,其他,想去的地點,否,60.36,150,月希
楊廚師,300台灣新竹市北區民富里經國路二段415號,https://www.google.com/maps/place/%E6%A5%8A%E5%BB%9A%E5%B8%AB/data=!4m2!3m1!1s0x346835bdbf2401eb:0xc84395f7373b6b11,其他,想去的地點,否,1.93,150,
Baboş 土耳其炭火烤肉 (Halal),302台灣新竹縣竹北市鹿場里成功八路229號,https://www.google.com/maps/place/Babo%C5%9F+%E5%9C%9F%E8%80%B3%E5%85%B6%E7%82%AD%E7%81%AB%E7%83%A4%E8%82%89+(Halal)/data=!4m2!3m1!1s0x346837cb8b7dfbeb:0x3766e4f2391dd69b,其他,想去的地點,否,4.76,150,
夜間部爌肉飯,403台灣臺中市西區公德里精誠路109號,https://www.google.com/maps/place/%E5%A4%9C%E9%96%93%E9%83%A8%E7%88%8C%E8%82%89%E9%A3%AF/data=!4m2!3m1!1s0x34693d99d274375d:0xa2c9c1cf2967520b,中式,想去的地點,否,80.73,120,denq
慢漫桶仔雞,300台灣新竹市香山區東香里美之城7-1號四季華城對面,https://www.google.com/maps/place/%E6%85%A2%E6%BC%AB%E6%A1%B6%E4%BB%94%E9%9B%9E/data=!4m2!3m1!1s0x34684b2cbbbbcec5:0x61fb3a244fccfc1a,其他,想去的地點,否,5.51,150,老婆推薦
厝秘 功夫菜 手路湯（甘肅店）,407台灣臺中市西屯區大河里甘肅路二段115號,https://www.google.com/maps/place/%E5%8E%9D%E7%A7%98+%E5%8A%9F%E5%A4%AB%E8%8F%9C+%E6%89%8B%E8%B7%AF%E6%B9%AF%EF%BC%88%E7%94%98%E8%82%85%E5%BA%97%EF%BC%89/data=!4m2!3m1!1s0x346917d45f2dba1f:0x352664a86b1fce24,中式,想去的地點,否,78.39,120,
真的好海鮮餐廳,106台灣臺北市大安區義村里復興南路一段222號1樓,https://www.google.com/maps/place/%E7%9C%9F%E7%9A%84%E5%A5%BD%E6%B5%B7%E9%AE%AE%E9%A4%90%E5%BB%B3/data=!4m2!3m1!1s0x3442abdb9330cb57:0x2d4a362908bfe7d5,中式,想去的地點,否,62.59,450,過橋鮑魚
Smoker煙燻,403台灣臺中市西區雙龍里模範街1巷13號,https://www.google.com/maps/place/Smoker%E7%85%99%E7%87%BB/data=!4m2!3m1!1s0x34693d9fd853d585:0xe8bda14b167d7c0d,其他,想去的地點,否,80.65,150,thread
慕泥灰咖啡向上店,403台灣臺中市西區公益里華美街244號,https://www.google.com/maps/place/%E6%85%95%E6%B3%A5%E7%81%B0%E5%92%96%E5%95%A1%E5%90%91%E4%B8%8A%E5%BA%97/data=!4m2!3m1!1s0x34693d79b089f187:0xbe7ee5b6dbb5a21b,其他,想去的地點,否,80.77,150,thread
洄味牛肉麵崇德店,404016台灣臺中市北區崇德里崇德路一段498號,https://www.google.com/maps/place/%E6%B4%84%E5%91%B3%E7%89%9B%E8%82%89%E9%BA%B5%E5%B4%87%E5%BE%B7%E5%BA%97/data=!4m2!3m1!1s0x34691778850044f1:0x14d8a2e2bdf02e00,中式,想去的地點,否,78.12,120,thread
合榭HOSIC精緻鐵板料理-忠孝店,40248台灣臺中市南區忠孝路187號,https://www.google.com/maps/place/%E5%90%88%E6%A6%ADHOSIC%E7%B2%BE%E7%B7%BB%E9%90%B5%E6%9D%BF%E6%96%99%E7%90%86-%E5%BF%A0%E5%AD%9D%E5%BA%97/data=!4m2!3m1!1s0x34693d17563e28d9:0xdbba881b71dabc5b,其他,想去的地點,否,81.68,150,thread
頭份｜燒肉政宗 YAKINIKU MASAMUNE,351台灣苗栗縣頭份市尚順路60號1樓,https://www.google.com/maps/place/%E9%A0%AD%E4%BB%BD%EF%BD%9C%E7%87%92%E8%82%89%E6%94%BF%E5%AE%97+YAKINIKU+MASAMUNE/data=!4m2!3m1!1s0x34684d3cda751c6f:0xb51f0d7c3c91d417,其他,想去的地點,否,16.0,150,
下呂溫泉 懷石旅館 水鳳園,"2519-1 Mori, Gero, Gifu 509-2202日本",https://www.google.com/maps/place/%E4%B8%8B%E5%91%82%E6%BA%AB%E6%B3%89+%E6%87%B7%E7%9F%B3%E6%97%85%E9%A4%A8+%E6%B0%B4%E9%B3%B3%E5%9C%92/data=!4m2!3m1!1s0x6002dbb5e6ff18bb:0xd3353d1087ca7ce5,其他,想去的地點,否,1978.79,150,
海味-海鮮鍋燒海鮮粥,805台灣高雄市旗津區北汕里旗津三路300號,https://www.google.com/maps/place/%E6%B5%B7%E5%91%B3-%E6%B5%B7%E9%AE%AE%E9%8D%8B%E7%87%92%E6%B5%B7%E9%AE%AE%E7%B2%A5/data=!4m2!3m1!1s0x346e0300a5c50587:0x93ef1d0d7b87a1d8,中式,想去的地點,否,256.32,450,仲生推薦
萬二小吃店,805台灣高雄市旗津區南汕里北汕巷50-60號號,https://www.google.com/maps/place/%E8%90%AC%E4%BA%8C%E5%B0%8F%E5%90%83%E5%BA%97/data=!4m2!3m1!1s0x346e03af7fa2d71d:0xb732399f0fd291f0,中式,想去的地點,否,257.06,120,
萬三小吃部,805台灣高雄市旗津區上竹里中洲二路162號,https://www.google.com/maps/place/%E8%90%AC%E4%B8%89%E5%B0%8F%E5%90%83%E9%83%A8/data=!4m2!3m1!1s0x346e03a94ed6ee2d:0x80f4b9dcada40297,中式,想去的地點,否,258.0,120,
品芫麵食館,300台灣新竹市東區振興里南大路450號,https://www.google.com/maps/place/%E5%93%81%E8%8A%AB%E9%BA%B5%E9%A3%9F%E9%A4%A8/data=!4m2!3m1!1s0x346835c469970ceb:0xa9ef7ba53467f1f0,中式,想去的地點,否,2.21,120,排骨炒飯
Sushi Yuraku,"日本〒220-0011 Kanagawa, Yokohama, Nishi Ward, Takashima, 2 Chome−19−12 横浜スカイビル 10F",https://www.google.com/maps/place/Sushi+Yuraku/data=!4m2!3m1!1s0x34e569f875571127:0xb406f718f9d433ee,其他,想去的地點,否,2143.07,150,
Naochan Ramen,"日本〒900-0034 Okinawa, Naha, Higashimachi, 4−14 East Town, １階",https://www.google.com/maps/place/Naochan+Ramen/data=!4m2!3m1!1s0x34e569f193058a99:0x5666138dd98def36,其他,想去的地點,否,690.12,150,
Kurumaebi Kitchen TAMAYA,"285 Untenbaru, Nago, Okinawa 905-1634日本",https://www.google.com/maps/place/Kurumaebi+Kitchen+TAMAYA/data=!4m2!3m1!1s0x34e4574895bc491f:0x733e31440ad76470,其他,想去的地點,否,733.71,150,
うるま市民食堂（うるマルシェ）,"183-3 Maehara, Uruma, Okinawa 904-2235日本",https://www.google.com/maps/place/%E3%81%86%E3%82%8B%E3%81%BE%E5%B8%82%E6%B0%91%E9%A3%9F%E5%A0%82%EF%BC%88%E3%81%86%E3%82%8B%E3%83%9E%E3%83%AB%E3%82%B7%E3%82%A7%EF%BC%89/data=!4m2!3m1!1s0x34e50fd44679c851:0x2e60c3d6f5218ed7,中式,想去的地點,否,709.8,120,
林家乾麵,100台灣臺北市中正區龍光里泉州街11號,https://www.google.com/maps/place/%E6%9E%97%E5%AE%B6%E4%B9%BE%E9%BA%B5/data=!4m2!3m1!1s0x3442a9a28000332b:0x511b4817fbd2276,中式,想去的地點,否,59.48,120,
三灣鵝肉(無接受訂位、公休日公告.粉專為主),352台灣苗栗縣三灣鄉三灣村中正路28號,https://www.google.com/maps/place/%E4%B8%89%E7%81%A3%E9%B5%9D%E8%82%89(%E7%84%A1%E6%8E%A5%E5%8F%97%E8%A8%82%E4%BD%8D%E3%80%81%E5%85%AC%E4%BC%91%E6%97%A5%E5%85%AC%E5%91%8A.%E7%B2%89%E5%B0%88%E7%82%BA%E4%B8%BB)/data=!4m2!3m1!1s0x34684db1ea853c7f:0x8ee8ff16b6b8de0e,中式,想去的地點,否,18.51,120,
父山白俠粥品專賣店 竹北門市,302045台灣新竹縣竹北市福德里博愛街337號,https://www.google.com/maps/place/%E7%88%B6%E5%B1%B1%E7%99%BD%E4%BF%A0%E7%B2%A5%E5%93%81%E5%B0%88%E8%B3%A3%E5%BA%97+%E7%AB%B9%E5%8C%97%E9%96%80%E5%B8%82/data=!4m2!3m1!1s0x346837a88cedbe9f:0x6ddc1bf18133bc96,中式,想去的地點,否,4.12,120,
ago義大利麵,300台灣新竹市北區潛園里西大路469-1號,https://www.google.com/maps/place/ago%E7%BE%A9%E5%A4%A7%E5%88%A9%E9%BA%B5/data=!4m2!3m1!1s0x3468357b5f98cd41:0xf830dd095177f647,義式,想去的地點,否,1.63,350,
上允生魚片·丼飯·握壽司·關東煮外帶專門（南寮店）,300台灣新竹市北區南寮里榮濱路48巷2號,https://www.google.com/maps/place/%E4%B8%8A%E5%85%81%E7%94%9F%E9%AD%9A%E7%89%87%C2%B7%E4%B8%BC%E9%A3%AF%C2%B7%E6%8F%A1%E5%A3%BD%E5%8F%B8%C2%B7%E9%97%9C%E6%9D%B1%E7%85%AE%E5%A4%96%E5%B8%B6%E5%B0%88%E9%96%80%EF%BC%88%E5%8D%97%E5%AF%AE%E5%BA%97%EF%BC%89/data=!4m2!3m1!1s0x346835037f9d2411:0x90fcc91a16a7ad6d,日式,想去的地點,否,5.17,300,ig，平日，外帶
新予小館 GIVE,302台灣新竹縣竹北市文化里文義街326號,https://www.google.com/maps/place/%E6%96%B0%E4%BA%88%E5%B0%8F%E9%A4%A8+GIVE/data=!4m2!3m1!1s0x3468370510db5a55:0x9b62a0c3e05caa2d,其他,想去的地點,否,4.32,150,鴨胸、肋排、魚排
Coffee&Egg 竹北分舖,302台灣新竹縣竹北市東興里嘉興路429號,https://www.google.com/maps/place/Coffee%26Egg+%E7%AB%B9%E5%8C%97%E5%88%86%E8%88%96/data=!4m2!3m1!1s0x3468377f2c317ae1:0x37eb2195fdd3a7d8,其他,想去的地點,否,5.91,150,
三六食府(原36美食),106台灣臺北市大安區古莊里師大路92巷13號,https://www.google.com/maps/place/%E4%B8%89%E5%85%AD%E9%A3%9F%E5%BA%9C(%E5%8E%9F36%E7%BE%8E%E9%A3%9F)/data=!4m2!3m1!1s0x3442abdc4d95636d:0xe8a78f5ffeec5ee8,中式,想去的地點,否,60.39,120,黃仁勳 椒麻拌麵
肉屋 ししや,"3 Chome-1-1 Makishi, Naha, Okinawa 900-0013日本",https://www.google.com/maps/place/%E8%82%89%E5%B1%8B+%E3%81%97%E3%81%97%E3%82%84/data=!4m2!3m1!1s0x34e5697a716e84b1:0x10883597ca4b1cb7,其他,想去的地點,否,691.47,150,
燒肉吉室,260台灣宜蘭縣宜蘭市東村里女中路一段295號,https://www.google.com/maps/place/%E7%87%92%E8%82%89%E5%90%89%E5%AE%A4/data=!4m2!3m1!1s0x3467e5c87aa54669:0x29a90919b7584451,其他,想去的地點,否,79.99,150,
川炁 飯麵館(每月公休請看粉專),302台灣新竹縣竹北市莊敬六街109號,https://www.google.com/maps/place/%E5%B7%9D%E7%82%81+%E9%A3%AF%E9%BA%B5%E9%A4%A8(%E6%AF%8F%E6%9C%88%E5%85%AC%E4%BC%91%E8%AB%8B%E7%9C%8B%E7%B2%89%E5%B0%88)/data=!4m2!3m1!1s0x34683735701d3175:0x6b62143ae0691a2a,中式,想去的地點,否,5.64,120,菁菁
Gyutan no Lemon,"日本〒111-0032 Tokyo, Taito City, Asakusa, 2 Chome−9−13 TACT浅草 2F",https://www.google.com/maps/place/Gyutan+no+Lemon/data=!4m2!3m1!1s0x60188f002ad0ce1b:0x39927de3d98ec013,其他,想去的地點,否,2169.76,150,牛舌
夯臭豆腐 南寮連鎖店,300台灣新竹市北區海濱里天府路二段81-2號,https://www.google.com/maps/place/%E5%A4%AF%E8%87%AD%E8%B1%86%E8%85%90+%E5%8D%97%E5%AF%AE%E9%80%A3%E9%8E%96%E5%BA%97/data=!4m2!3m1!1s0x346835a84d4c7db5:0x18515ca501384fb7,中式,想去的地點,否,5.28,120,
陳記台南碗粿,350台灣苗栗縣竹南鎮照南里自由街64號350,https://www.google.com/maps/place/%E9%99%B3%E8%A8%98%E5%8F%B0%E5%8D%97%E7%A2%97%E7%B2%BF/data=!4m2!3m1!1s0x3469b33c882811eb:0x1bef8e87def3797c,其他,想去的地點,否,17.24,150,
豪軒,30272台灣新竹縣竹北市東平里嘉豐五路二段131號1樓,https://www.google.com/maps/place/%E8%B1%AA%E8%BB%92/data=!4m2!3m1!1s0x34683744358788fb:0x83a413fb0a6913f7,其他,想去的地點,否,5.24,150,Heng
鰻軒,302台灣新竹縣竹北市鹿場里成功八路216號,https://www.google.com/maps/place/%E9%B0%BB%E8%BB%92/data=!4m2!3m1!1s0x346837328dddd3b5:0x363be8df2a348cfb,其他,想去的地點,否,4.66,150,Heng
香再來鹽酥雞(大腸/鮮蚵/肉羹麵線),244台灣新北市林口區仁愛里文化二路一段358號,https://www.google.com/maps/place/%E9%A6%99%E5%86%8D%E4%BE%86%E9%B9%BD%E9%85%A5%E9%9B%9E(%E5%A4%A7%E8%85%B8%2F%E9%AE%AE%E8%9A%B5%2F%E8%82%89%E7%BE%B9%E9%BA%B5%E7%B7%9A)/data=!4m2!3m1!1s0x3442a7d19b3a9a1d:0x43997e62ad33da86,中式,想去的地點,否,49.57,120,
龍抄手涼麵,244台灣新北市林口區林口里中正路153號,https://www.google.com/maps/place/%E9%BE%8D%E6%8A%84%E6%89%8B%E6%B6%BC%E9%BA%B5/data=!4m2!3m1!1s0x3442a6e6f9de0ad7:0x89492a347d15d74,中式,想去的地點,否,51.28,120,
永豐活海鮮餐廳-宜蘭 人氣美食 平價特色生猛海鮮餐廳 必吃中式料理 公司家庭聚餐 團體合菜 桌菜 活物料理 喜慶宴會 春酒尾牙場地 雜誌熱門首選推薦,270台灣宜蘭縣蘇澳鎮蘇東里蘇東北路1-7號,https://www.google.com/maps/place/%E6%B0%B8%E8%B1%90%E6%B4%BB%E6%B5%B7%E9%AE%AE%E9%A4%90%E5%BB%B3-%E5%AE%9C%E8%98%AD+%E4%BA%BA%E6%B0%A3%E7%BE%8E%E9%A3%9F+%E5%B9%B3%E5%83%B9%E7%89%B9%E8%89%B2%E7%94%9F%E7%8C%9B%E6%B5%B7%E9%AE%AE%E9%A4%90%E5%BB%B3+%E5%BF%85%E5%90%83%E4%B8%AD%E5%BC%8F%E6%96%99%E7%90%86+%E5%85%AC%E5%8F%B8%E5%AE%B6%E5%BA%AD%E8%81%9A%E9%A4%90+%E5%9C%98%E9%AB%94%E5%90%88%E8%8F%9C+%E6%A1%8C%E8%8F%9C+%E6%B4%BB%E7%89%A9%E6%96%99%E7%90%86+%E5%96%9C%E6%85%B6%E5%AE%B4%E6%9C%83+%E6%98%A5%E9%85%92%E5%B0%BE%E7%89%99%E5%A0%B4%E5%9C%B0+%E9%9B%9C%E8%AA%8C%E7%86%B1%E9%96%80%E9%A6%96%E9%81%B8%E6%8E%A8%E8%96%A6/data=!4m2!3m1!1s0x3467e83554930b3d:0x9a927f387c288482,中式,想去的地點,否,92.41,450,yt猩弟，打魚翔哥，賴爸
Kobe Beef HAKATANOOUKA honten,"日本〒812-0026 Fukuoka, Hakata Ward, Kamikawabatamachi, 10−255 1・2F",https://www.google.com/maps/place/Kobe+Beef+HAKATANOOUKA+honten/data=!4m2!3m1!1s0x354191b03cc9cfbb:0x25a139f8f49e191e,其他,想去的地點,否,1336.99,150,om推薦
蕭記大餛飩,112台灣臺北市北投區振華里裕民一路40巷21號,https://www.google.com/maps/place/%E8%95%AD%E8%A8%98%E5%A4%A7%E9%A4%9B%E9%A3%A9/data=!4m2!3m1!1s0x3442ae8c68f65b5b:0x3a729a2bd323b0f2,中式,想去的地點,否,64.18,120,
島牛燒肉,"2 Chome-4-15 Matsuyama, Naha, Okinawa 900-0032日本",https://www.google.com/maps/place/%E5%B3%B6%E7%89%9B%E7%87%92%E8%82%89/data=!4m2!3m1!1s0x34e5697896ac9231:0x9aafb42507f9b3cf,其他,想去的地點,否,690.96,150,
玉山麵,306台灣新竹縣關西鎮東興里正義路12號306,https://www.google.com/maps/place/%E7%8E%89%E5%B1%B1%E9%BA%B5/data=!4m2!3m1!1s0x34683ecc2382a21b:0x42b94563b52f2f4b,中式,想去的地點,否,20.64,120,
文化城牛肉麵,302台灣新竹縣竹北市文化里光明一路486號,https://www.google.com/maps/place/%E6%96%87%E5%8C%96%E5%9F%8E%E7%89%9B%E8%82%89%E9%BA%B5/data=!4m2!3m1!1s0x34683694b6c239eb:0xd7e006dc7d5c3031,中式,想去的地點,否,4.09,120,ig
三漫食義SANMAN PASTA,350台灣苗栗縣竹南鎮大埔里科專五路246號,https://www.google.com/maps/place/%E4%B8%89%E6%BC%AB%E9%A3%9F%E7%BE%A9SANMAN+PASTA/data=!4m2!3m1!1s0x34684de4fa8e069f:0xcc12db4c8a90c668,義式,想去的地點,否,13.83,350,
Yakiniku KITAN Minamisenba main store,"日本〒542-0081 Osaka, Chuo Ward, Minamisenba, 4 Chome−11−22 B1FYOCビル 4-11-22-B1F Minamisenba, Chuo-ku, Osaka",https://www.google.com/maps/place/Yakiniku+KITAN+Minamisenba+main+store/data=!4m2!3m1!1s0x6000e78ec59711a1:0xbf4353e0044fd101,其他,想去的地點,否,1776.59,150,
川業肉圓(Chuan-yeh),108台灣臺北市萬華區廣州街165號1樓,https://www.google.com/maps/place/%E5%B7%9D%E6%A5%AD%E8%82%89%E5%9C%93(Chuan-yeh)/data=!4m2!3m1!1s0x3442a9bdfec3c8d9:0x5d4d165c09029c8a,中式,想去的地點,否,58.6,120,
漢王薑母鴨 新竹林森路（九尾雞.薑母雞.菜脯雞）,300台灣新竹市北區林森路272號,https://www.google.com/maps/place/%E6%BC%A2%E7%8E%8B%E8%96%91%E6%AF%8D%E9%B4%A8+%E6%96%B0%E7%AB%B9%E6%9E%97%E6%A3%AE%E8%B7%AF%EF%BC%88%E4%B9%9D%E5%B0%BE%E9%9B%9E.%E8%96%91%E6%AF%8D%E9%9B%9E.%E8%8F%9C%E8%84%AF%E9%9B%9E%EF%BC%89/data=!4m2!3m1!1s0x346835e07dc2a68f:0x873c71c3647e3d8f,其他,想去的地點,否,2.34,150,
高林鐵板燒-健行店,403台灣臺中市西區忠明里健行路1006號,https://www.google.com/maps/place/%E9%AB%98%E6%9E%97%E9%90%B5%E6%9D%BF%E7%87%92-%E5%81%A5%E8%A1%8C%E5%BA%97/data=!4m2!3m1!1s0x34693d82d9447d99:0x585221edac225d93,其他,想去的地點,否,79.69,150,
市井蠔門 漁夫廚房,300台灣新竹市東區文華里北大路40巷25號,https://www.google.com/maps/place/%E5%B8%82%E4%BA%95%E8%A0%94%E9%96%80+%E6%BC%81%E5%A4%AB%E5%BB%9A%E6%88%BF/data=!4m2!3m1!1s0x3468350011fc60b5:0xd54697b45044a02e,其他,想去的地點,否,0.33,150,
雅室牛排 仁愛圓環店,106台灣臺北市大安區建倫里仁愛路四段105巷1號,https://www.google.com/maps/place/%E9%9B%85%E5%AE%A4%E7%89%9B%E6%8E%92+%E4%BB%81%E6%84%9B%E5%9C%93%E7%92%B0%E5%BA%97/data=!4m2!3m1!1s0x3442abcf0b943a1b:0xa355aaa445fdef1,美式,想去的地點,否,63.15,400,
"伍柒吉鴨魯雞飯11月公休日17, 24",300台灣新竹市東區新莊里光復路一段366號,"https://www.google.com/maps/place/%E4%BC%8D%E6%9F%92%E5%90%89%E9%B4%A8%E9%AD%AF%E9%9B%9E%E9%A3%AF11%E6%9C%88%E5%85%AC%E4%BC%91%E6%97%A517,+24/data=!4m2!3m1!1s0x34683700163cc0bf:0x473a22c0af148eca",中式,想去的地點,否,5.52,120,
蘇阿姨比薩屋,106台灣臺北市大安區正聲里光復南路300號,https://www.google.com/maps/place/%E8%98%87%E9%98%BF%E5%A7%A8%E6%AF%94%E8%96%A9%E5%B1%8B/data=!4m2!3m1!1s0x3442abc7d162c2b9:0x4fd9d539b2ed4916,義式,想去的地點,否,63.88,350,"加量起司
Heng"
船艙せんしつ《無菜單料理》北屯區懷石料理｜高級｜高檔｜頂級｜創意日料｜板前料理｜約會餐廳,406台灣臺中市北屯區水景里松竹五路一段65號,https://www.google.com/maps/place/%E8%88%B9%E8%89%99%E3%81%9B%E3%82%93%E3%81%97%E3%81%A4%E3%80%8A%E7%84%A1%E8%8F%9C%E5%96%AE%E6%96%99%E7%90%86%E3%80%8B%E5%8C%97%E5%B1%AF%E5%8D%80%E6%87%B7%E7%9F%B3%E6%96%99%E7%90%86%EF%BD%9C%E9%AB%98%E7%B4%9A%EF%BD%9C%E9%AB%98%E6%AA%94%EF%BD%9C%E9%A0%82%E7%B4%9A%EF%BD%9C%E5%89%B5%E6%84%8F%E6%97%A5%E6%96%99%EF%BD%9C%E6%9D%BF%E5%89%8D%E6%96%99%E7%90%86%EF%BD%9C%E7%B4%84%E6%9C%83%E9%A4%90%E5%BB%B3/data=!4m2!3m1!1s0x34691700107b6343:0x65a7f4efb855097a,其他,想去的地點,否,76.38,150,"賴爸
正宗懷石料理"
穆記牛肉麵,110台灣臺北市信義區三張里吳興街239號,https://www.google.com/maps/place/%E7%A9%86%E8%A8%98%E7%89%9B%E8%82%89%E9%BA%B5/data=!4m2!3m1!1s0x3442abb4c4c123cb:0xa8b0a144b809e6c4,中式,想去的地點,否,63.96,120,綿羊
桃源街老王記牛肉麵店,100台灣臺北市中正區建國里桃源街15號,https://www.google.com/maps/place/%E6%A1%83%E6%BA%90%E8%A1%97%E8%80%81%E7%8E%8B%E8%A8%98%E7%89%9B%E8%82%89%E9%BA%B5%E5%BA%97/data=!4m2!3m1!1s0x3442a90a4d542297:0x4709fd8c83c8d91d,中式,想去的地點,否,59.67,120,綿羊料理
温(溫）師傅炸雞,302台灣新竹縣竹北市竹仁里仁愛街80號,https://www.google.com/maps/place/%E6%B8%A9(%E6%BA%AB%EF%BC%89%E5%B8%AB%E5%82%85%E7%82%B8%E9%9B%9E/data=!4m2!3m1!1s0x346836c06fc307e5:0xd35d1c99c35f1232,其他,想去的地點,否,4.52,150,
地坊餐廳,401台灣臺中市東區新庄里復興路四段17巷12號1樓,https://www.google.com/maps/place/%E5%9C%B0%E5%9D%8A%E9%A4%90%E5%BB%B3/data=!4m2!3m1!1s0x34693da596b9104f:0xf87186ae861eaa99,其他,想去的地點,否,81.21,150,超認真少年
台中肉員,402台灣臺中市南區長春里復興路三段529號,https://www.google.com/maps/place/%E5%8F%B0%E4%B8%AD%E8%82%89%E5%93%A1/data=!4m2!3m1!1s0x34693d05a0945373:0x3514777aba6b24a2,中式,想去的地點,否,81.32,120,"超認真少年
肉圓+綜合湯，肉圓吃完醬拌冬粉"
清心木瓜牛乳,402台灣臺中市南區城隍里忠孝路232號,https://www.google.com/maps/place/%E6%B8%85%E5%BF%83%E6%9C%A8%E7%93%9C%E7%89%9B%E4%B9%B3/data=!4m2!3m1!1s0x34693d1767a08207:0xfd69db564145d7a3,其他,想去的地點,否,81.65,150,"超認真少年
烤土司"
怪獸披薩 MONSTER PIZZA (Slice N’ Dice),402台灣臺中市南區城隍里忠孝路183號,https://www.google.com/maps/place/%E6%80%AA%E7%8D%B8%E6%8A%AB%E8%96%A9+MONSTER+PIZZA+(Slice+N%E2%80%99+Dice)/data=!4m2!3m1!1s0x34693d19fc4d203b:0xef7eb469eaf6a96,義式,想去的地點,否,81.71,350,超認真少年
炎伯紅茶冰,402台灣臺中市南區城隍里忠孝路196-4號,https://www.google.com/maps/place/%E7%82%8E%E4%BC%AF%E7%B4%85%E8%8C%B6%E5%86%B0/data=!4m2!3m1!1s0x34693d19f9a52299:0xb190529191f36019,其他,想去的地點,否,81.74,150,超認真少年
徐大姊炸香香,402台灣臺中市南區城隍里忠孝路181號,https://www.google.com/maps/place/%E5%BE%90%E5%A4%A7%E5%A7%8A%E7%82%B8%E9%A6%99%E9%A6%99/data=!4m2!3m1!1s0x34693d19feea1e53:0x7f3f83333a77084c,其他,想去的地點,否,81.71,150,超認真少年
味泉米糕,402台灣臺中市南區城隍里忠孝路151號,https://www.google.com/maps/place/%E5%91%B3%E6%B3%89%E7%B1%B3%E7%B3%95/data=!4m2!3m1!1s0x34693d1a43c9ce0d:0x3ee287c31d8ae056,中式,想去的地點,否,81.88,120,超認真少年
茗陽甘蔗牛奶大王,402台灣臺中市南區忠孝路與合作街交叉口,https://www.google.com/maps/place/%E8%8C%97%E9%99%BD%E7%94%98%E8%94%97%E7%89%9B%E5%A5%B6%E5%A4%A7%E7%8E%8B/data=!4m2!3m1!1s0x34693d1a43f7bd83:0xebdd9493aa93859c,其他,想去的地點,否,81.88,150,超認真少年
真好味東山鴨頭,402台灣臺中市南區城隍里忠孝路151號,https://www.google.com/maps/place/%E7%9C%9F%E5%A5%BD%E5%91%B3%E6%9D%B1%E5%B1%B1%E9%B4%A8%E9%A0%AD/data=!4m2!3m1!1s0x34693d1a410a84bb:0x2db387cc6e60a587,其他,想去的地點,否,81.88,150,"超認真少年
鴨舌鴨腸米血"
正老牌臭豆腐麵線糊,402台灣臺中市南區城隍里合作街70之2號,https://www.google.com/maps/place/%E6%AD%A3%E8%80%81%E7%89%8C%E8%87%AD%E8%B1%86%E8%85%90%E9%BA%B5%E7%B7%9A%E7%B3%8A/data=!4m2!3m1!1s0x34693d1a69e1e18d:0xb011f7f9b9f7764,中式,想去的地點,否,81.87,120,超認真少年
歡聚堂串燒 ｜精釀啤酒,302台灣新竹縣竹北市北興里十興路一段211號1樓,https://www.google.com/maps/place/%E6%AD%A1%E8%81%9A%E5%A0%82%E4%B8%B2%E7%87%92+%EF%BD%9C%E7%B2%BE%E9%87%80%E5%95%A4%E9%85%92/data=!4m2!3m1!1s0x3468376eea16836d:0xc01b12e9108e81f7,日式,想去的地點,否,5.63,300,
天下第一窯烤雞,262台灣宜蘭縣礁溪鄉三民村礁溪路三段42號,https://www.google.com/maps/place/%E5%A4%A9%E4%B8%8B%E7%AC%AC%E4%B8%80%E7%AA%AF%E7%83%A4%E9%9B%9E/data=!4m2!3m1!1s0x3467fafd8f4b493d:0x20e5f904d64c7296,其他,想去的地點,否,79.94,150,
萱吉夫婦-公休日請查看ig,350台灣苗栗縣竹南鎮營盤里自由街106號,https://www.google.com/maps/place/%E8%90%B1%E5%90%89%E5%A4%AB%E5%A9%A6-%E5%85%AC%E4%BC%91%E6%97%A5%E8%AB%8B%E6%9F%A5%E7%9C%8Big/data=!4m2!3m1!1s0x3469b3006d8cb461:0xa5f0c95387062a06,其他,想去的地點,否,17.37,150,
瑞盛客家米食 | 苗栗伴手禮 頭份美食 頭份名產 頭份甜點 苗栗麻糬苗栗客家米食 附近美食 苗栗美食推薦,351台灣苗栗縣頭份市合興里中央路598號,https://www.google.com/maps/place/%E7%91%9E%E7%9B%9B%E5%AE%A2%E5%AE%B6%E7%B1%B3%E9%A3%9F+%7C+%E8%8B%97%E6%A0%97%E4%BC%B4%E6%89%8B%E7%A6%AE+%E9%A0%AD%E4%BB%BD%E7%BE%8E%E9%A3%9F+%E9%A0%AD%E4%BB%BD%E5%90%8D%E7%94%A2+%E9%A0%AD%E4%BB%BD%E7%94%9C%E9%BB%9E+%E8%8B%97%E6%A0%97%E9%BA%BB%E7%B3%AC%E8%8B%97%E6%A0%97%E5%AE%A2%E5%AE%B6%E7%B1%B3%E9%A3%9F+%E9%99%84%E8%BF%91%E7%BE%8E%E9%A3%9F+%E8%8B%97%E6%A0%97%E7%BE%8E%E9%A3%9F%E6%8E%A8%E8%96%A6/data=!4m2!3m1!1s0x3469b3555aca1e05:0xadfbd82d3825685a,其他,想去的地點,否,15.72,150,
朋穀麵包,350台灣苗栗縣竹南鎮竹興里博愛街463號,https://www.google.com/maps/place/%E6%9C%8B%E7%A9%80%E9%BA%B5%E5%8C%85/data=!4m2!3m1!1s0x3469b3f73ff0005b:0x501e0158188b89fd,中式,想去的地點,否,17.89,120,
NS cucina（BISTRO by Nelson）,302台灣新竹縣竹北市文化里吳濁流路83號,https://www.google.com/maps/place/NS+cucina%EF%BC%88BISTRO+by+Nelson%EF%BC%89/data=!4m2!3m1!1s0x346836eb957b3305:0xb1f79a6ea26ba667,中式,想去的地點,否,4.42,120,千層麵
北方味牛肉麵,300111台灣新竹市香山區朝山里中華路五段830號,https://www.google.com/maps/place/%E5%8C%97%E6%96%B9%E5%91%B3%E7%89%9B%E8%82%89%E9%BA%B5/data=!4m2!3m1!1s0x34684b74b192f37b:0x2eaf4eb8f470a2b5,中式,想去的地點,否,8.52,120,電車吃漢
三輪車小吃,300台灣新竹市香山區香山里大庄路56-6號,https://www.google.com/maps/place/%E4%B8%89%E8%BC%AA%E8%BB%8A%E5%B0%8F%E5%90%83/data=!4m2!3m1!1s0x34684a9d9e908409:0x34dc4c87f633ce14,中式,想去的地點,否,5.51,120,電車吃漢
蚵舉壯元,300台灣新竹市香山區美山里中華路五段322號,https://www.google.com/maps/place/%E8%9A%B5%E8%88%89%E5%A3%AF%E5%85%83/data=!4m2!3m1!1s0x34684a97e30e7389:0xc146a2af515173a5,其他,想去的地點,否,6.72,150,電車吃漢
龍都冰菓專業家,108台灣臺北市萬華區糖廍里和平西路三段192號,https://www.google.com/maps/place/%E9%BE%8D%E9%83%BD%E5%86%B0%E8%8F%93%E5%B0%88%E6%A5%AD%E5%AE%B6/data=!4m2!3m1!1s0x3442a9a9339f82c9:0xd4f85d1877edbb92,其他,想去的地點,否,58.16,150,口貝
周記肉粥店,108台灣臺北市萬華區福音里廣州街104號,https://www.google.com/maps/place/%E5%91%A8%E8%A8%98%E8%82%89%E7%B2%A5%E5%BA%97/data=!4m2!3m1!1s0x3442a9a8a59c290d:0xd9f0187933bdeb2f,中式,想去的地點,否,58.67,120,口貝
竹圍土雞(東三水市場),108台灣臺北市萬華區福音里三水街73號,https://www.google.com/maps/place/%E7%AB%B9%E5%9C%8D%E5%9C%9F%E9%9B%9E(%E6%9D%B1%E4%B8%89%E6%B0%B4%E5%B8%82%E5%A0%B4)/data=!4m2!3m1!1s0x3442a9a8b4327c3f:0x4af147a563719f63,其他,想去的地點,否,58.71,150,口貝
鶴壽司,108台灣臺北市萬華區福音里三水街064號 市場號,https://www.google.com/maps/place/%E9%B6%B4%E5%A3%BD%E5%8F%B8/data=!4m2!3m1!1s0x3442a9846c394a85:0x19204f8432522e62,日式,想去的地點,否,58.65,300,口貝
艋舺大豐魚丸店,108台灣臺北市萬華區福音里三水街62號,https://www.google.com/maps/place/%E8%89%8B%E8%88%BA%E5%A4%A7%E8%B1%90%E9%AD%9A%E4%B8%B8%E5%BA%97/data=!4m2!3m1!1s0x3442a9a8a952e63b:0x91584adb79a8f6e6,其他,想去的地點,否,58.66,150,口貝
多餃舍-多餃工坊,108台灣臺北市萬華區福音里三水街70之5號,https://www.google.com/maps/place/%E5%A4%9A%E9%A4%83%E8%88%8D-%E5%A4%9A%E9%A4%83%E5%B7%A5%E5%9D%8A/data=!4m2!3m1!1s0x3442a9a8b26c2581:0x62e13cd5299ad355,中式,想去的地點,否,58.61,120,口貝
阿婆油飯,103台灣臺北市大同區國順里迪化街二段214巷1號,https://www.google.com/maps/place/%E9%98%BF%E5%A9%86%E6%B2%B9%E9%A3%AF/data=!4m2!3m1!1s0x3442a9a8b215c521:0x4e1780b02a95c25c,中式,想去的地點,否,60.98,120,口貝
丸合生魚號,108台灣臺北市萬華區福音里三水街64號,https://www.google.com/maps/place/%E4%B8%B8%E5%90%88%E7%94%9F%E9%AD%9A%E8%99%9F/data=!4m2!3m1!1s0x3442a9a8aeefb3df:0x2cbff4a6a6eb4c2,其他,想去的地點,否,58.65,150,口貝
鎖睡時間～零重力按摩舒眠館,105台灣臺北市松山區復勢里光復北路120巷30號1樓,https://www.google.com/maps/place/%E9%8E%96%E7%9D%A1%E6%99%82%E9%96%93%EF%BD%9E%E9%9B%B6%E9%87%8D%E5%8A%9B%E6%8C%89%E6%91%A9%E8%88%92%E7%9C%A0%E9%A4%A8/data=!4m2!3m1!1s0x3442ab44487a8369:0xaf8a6d8342d3765c,其他,想去的地點,否,64.33,150,
Coppii Lumii living coffee 冉冉生活(東門咖啡門市),106台灣臺北市大安區福住里信義路二段196號,https://www.google.com/maps/place/Coppii+Lumii+living+coffee+%E5%86%89%E5%86%89%E7%94%9F%E6%B4%BB(%E6%9D%B1%E9%96%80%E5%92%96%E5%95%A1%E9%96%80%E5%B8%82)/data=!4m2!3m1!1s0x3442a9003a29d653:0x4e24f70e15bd4560,其他,想去的地點,否,61.09,150,
Coppii Lumii living coffee 冉冉生活(經貿),115台灣臺北市南港區三重里經貿二路196-1號,https://www.google.com/maps/place/Coppii+Lumii+living+coffee+%E5%86%89%E5%86%89%E7%94%9F%E6%B4%BB(%E7%B6%93%E8%B2%BF)/data=!4m2!3m1!1s0x3442ad597033a179:0x789a36f1dd24dec2,其他,想去的地點,否,70.1,150,
Coppii Lumii living coffee 冉冉生活(城中),100台灣臺北市中正區光復里永綏街7號,https://www.google.com/maps/place/Coppii+Lumii+living+coffee+%E5%86%89%E5%86%89%E7%94%9F%E6%B4%BB(%E5%9F%8E%E4%B8%AD)/data=!4m2!3m1!1s0x3442a9ad2d419d61:0xfbc596f661042c32,其他,想去的地點,否,59.78,150,
麗華行電競旗艦館,105台灣臺北市松山區光復北路28號,https://www.google.com/maps/place/%E9%BA%97%E8%8F%AF%E8%A1%8C%E9%9B%BB%E7%AB%B6%E6%97%97%E8%89%A6%E9%A4%A8/data=!4m2!3m1!1s0x3442abea9d391e0b:0x844e828b591c837e,其他,想去的地點,否,64.34,150,
老油條小館,330台灣桃園市桃園區三民里自強路22號,https://www.google.com/maps/place/%E8%80%81%E6%B2%B9%E6%A2%9D%E5%B0%8F%E9%A4%A8/data=!4m2!3m1!1s0x34681ef86b2f3f55:0x5784acd18adeb8b9,中式,想去的地點,否,40.22,120,
一私麵宅新竹店,300台灣新竹市東區頂竹里東南街223號,https://www.google.com/maps/place/%E4%B8%80%E7%A7%81%E9%BA%B5%E5%AE%85%E6%96%B0%E7%AB%B9%E5%BA%97/data=!4m2!3m1!1s0x3468356137e29df5:0xafdf85c37e3e51f8,中式,想去的地點,否,2.27,120,
樹也Villa,367台灣苗栗縣三義鄉龍騰村,https://www.google.com/maps/place/%E6%A8%B9%E4%B9%9FVilla/data=!4m2!3m1!1s0x34690458453064dd:0xb6f96e117fcffb43,其他,想去的地點,否,53.15,150,
蔡元益紅茶,112台灣臺北市北投區中央里新市街15號,https://www.google.com/maps/place/%E8%94%A1%E5%85%83%E7%9B%8A%E7%B4%85%E8%8C%B6/data=!4m2!3m1!1s0x3442ae50b0f7d16b:0x4692c3de637fd2ab,其他,想去的地點,否,63.77,150,國會台8線
北投本土味明泉紅茶,112台灣臺北市北投區長安里光明路174之2號,https://www.google.com/maps/place/%E5%8C%97%E6%8A%95%E6%9C%AC%E5%9C%9F%E5%91%B3%E6%98%8E%E6%B3%89%E7%B4%85%E8%8C%B6/data=!4m2!3m1!1s0x3442ae507d11e66b:0xce804fe2905d7c56,其他,想去的地點,否,64.11,150,國會台8線
高記茶莊,112台灣臺北市北投區石牌路一段97號,https://www.google.com/maps/place/%E9%AB%98%E8%A8%98%E8%8C%B6%E8%8E%8A/data=!4m2!3m1!1s0x3442ae509e108da7:0xf3f63b033fde6794,其他,想去的地點,否,63.56,150,國會台8線
喬園二店/北投美食/北投餐廳/北投合菜/北投熱炒/北投小吃/北投Restaurants,112台灣臺北市北投區大同里大業路478號,https://www.google.com/maps/place/%E5%96%AC%E5%9C%92%E4%BA%8C%E5%BA%97%2F%E5%8C%97%E6%8A%95%E7%BE%8E%E9%A3%9F%2F%E5%8C%97%E6%8A%95%E9%A4%90%E5%BB%B3%2F%E5%8C%97%E6%8A%95%E5%90%88%E8%8F%9C%2F%E5%8C%97%E6%8A%95%E7%86%B1%E7%82%92%2F%E5%8C%97%E6%8A%95%E5%B0%8F%E5%90%83%2F%E5%8C%97%E6%8A%95Restaurants/data=!4m2!3m1!1s0x3442ae5409120f15:0x98c5f7ef9aca31af,中式,想去的地點,否,63.32,450,國會台8線
喬園海鮮料理餐廳,112台灣臺北市北投區大同里大業路512號,https://www.google.com/maps/place/%E5%96%AC%E5%9C%92%E6%B5%B7%E9%AE%AE%E6%96%99%E7%90%86%E9%A4%90%E5%BB%B3/data=!4m2!3m1!1s0x3442ae53ee3e6d7b:0xd1d7c19705b1f2cd,中式,想去的地點,否,63.38,450,國會台8線
牛博肆溫體牛火鍋,807台灣高雄市三民區安泰里北平二街19號,https://www.google.com/maps/place/%E7%89%9B%E5%8D%9A%E8%82%86%E6%BA%AB%E9%AB%94%E7%89%9B%E7%81%AB%E9%8D%8B/data=!4m2!3m1!1s0x346e05cd81de787b:0x184fc9670d5137bd,中式,想去的地點,否,250.34,450,
東石漁人碼頭,614台灣嘉義縣東石鄉東石村彩霞大道420號,https://www.google.com/maps/place/%E6%9D%B1%E7%9F%B3%E6%BC%81%E4%BA%BA%E7%A2%BC%E9%A0%AD/data=!4m2!3m1!1s0x346c27984877e6a3:0x2b32771cf58d476e,其他,想去的地點,否,174.22,150,
米舖蛋炒飯,300台灣新竹市東區南門里武昌街27號,https://www.google.com/maps/place/%E7%B1%B3%E8%88%96%E8%9B%8B%E7%82%92%E9%A3%AF/data=!4m2!3m1!1s0x3468357a33401483:0xa3f5d29dd4b32d3,中式,想去的地點,否,1.75,120,
李克承博士故居 a-moom(新竹市),300台灣新竹市北區興南里勝利路199號,https://www.google.com/maps/place/%E6%9D%8E%E5%85%8B%E6%89%BF%E5%8D%9A%E5%A3%AB%E6%95%85%E5%B1%85+a-moom(%E6%96%B0%E7%AB%B9%E5%B8%82)/data=!4m2!3m1!1s0x34683594d7ea1f11:0xb5d2f1367289dcb7,其他,想去的地點,否,1.9,150,甜點/拍照
景安活蝦之家（請line預訂）2001年創立。中和美食,235台灣新北市中和區景安里安和路51號,https://www.google.com/maps/place/%E6%99%AF%E5%AE%89%E6%B4%BB%E8%9D%A6%E4%B9%8B%E5%AE%B6%EF%BC%88%E8%AB%8Bline%E9%A0%90%E8%A8%82%EF%BC%892001%E5%B9%B4%E5%89%B5%E7%AB%8B%E3%80%82%E4%B8%AD%E5%92%8C%E7%BE%8E%E9%A3%9F/data=!4m2!3m1!1s0x34680277309c5363:0xd7e8432988a81e4f,其他,想去的地點,否,57.53,150,
順吉海鮮快炒,350台灣苗栗縣竹南鎮龍鳳里龍江街369巷15號,https://www.google.com/maps/place/%E9%A0%86%E5%90%89%E6%B5%B7%E9%AE%AE%E5%BF%AB%E7%82%92/data=!4m2!3m1!1s0x3469b3732d7586ff:0x3dd9efe3b8e0b537,中式,想去的地點,否,17.39,450,
天香海鮮,300台灣新竹市香山區港南里延平路二段1584號,https://www.google.com/maps/place/%E5%A4%A9%E9%A6%99%E6%B5%B7%E9%AE%AE/data=!4m2!3m1!1s0x3468351a8a64b0e3:0xf20db30d840a9b28,中式,想去的地點,否,4.76,450,
阿沙力活魚海鮮,300台灣新竹市北區南寮里東大路四段80號,https://www.google.com/maps/place/%E9%98%BF%E6%B2%99%E5%8A%9B%E6%B4%BB%E9%AD%9A%E6%B5%B7%E9%AE%AE/data=!4m2!3m1!1s0x346834fa7919f5ed:0xe992357e57959b9,中式,想去的地點,否,4.86,450,
新南興海鮮合菜餐廳,300台灣新竹市北區南寮里東大路四段294號,https://www.google.com/maps/place/%E6%96%B0%E5%8D%97%E8%88%88%E6%B5%B7%E9%AE%AE%E5%90%88%E8%8F%9C%E9%A4%90%E5%BB%B3/data=!4m2!3m1!1s0x3468355c098346d5:0x4597e4af0d860953,中式,想去的地點,否,5.68,450,
花花世界鍋物,701台灣臺南市東區莊敬路118號,https://www.google.com/maps/place/%E8%8A%B1%E8%8A%B1%E4%B8%96%E7%95%8C%E9%8D%8B%E7%89%A9/data=!4m2!3m1!1s0x346e77a086fed823:0x48934be9d05fd47,其他,想去的地點,否,215.96,150,
原天橋下臭豆腐,300台灣新竹市北區光華里湳雅街136-1號,https://www.google.com/maps/place/%E5%8E%9F%E5%A4%A9%E6%A9%8B%E4%B8%8B%E8%87%AD%E8%B1%86%E8%85%90/data=!4m2!3m1!1s0x346835c2b4baff99:0xbe1e17ae111a3638,中式,想去的地點,否,0.44,120,
春風稻鐵板燒丼飯-沙鹿鎮南店,433台灣臺中市沙鹿區北勢里鎮南路二段282號,https://www.google.com/maps/place/%E6%98%A5%E9%A2%A8%E7%A8%BB%E9%90%B5%E6%9D%BF%E7%87%92%E4%B8%BC%E9%A3%AF-%E6%B2%99%E9%B9%BF%E9%8E%AE%E5%8D%97%E5%BA%97/data=!4m2!3m1!1s0x3469157baa8f6df3:0x2a17ae3b1d5b3d67,日式,想去的地點,否,77.3,300,
高美脆皮手扒雞-高美創始店,436台灣臺中市清水區高南里美堤街150號,https://www.google.com/maps/place/%E9%AB%98%E7%BE%8E%E8%84%86%E7%9A%AE%E6%89%8B%E6%89%92%E9%9B%9E-%E9%AB%98%E7%BE%8E%E5%89%B5%E5%A7%8B%E5%BA%97/data=!4m2!3m1!1s0x3469133d6afd1483:0xa7679c62e96ebfff,其他,想去的地點,否,71.25,150,
相演無煙燒肉（中正店）,330台灣桃園市桃園區永興里中正路317號,https://www.google.com/maps/place/%E7%9B%B8%E6%BC%94%E7%84%A1%E7%85%99%E7%87%92%E8%82%89%EF%BC%88%E4%B8%AD%E6%AD%A3%E5%BA%97%EF%BC%89/data=!4m2!3m1!1s0x34681efe2f619f23:0x824c230f88e24697,其他,想去的地點,否,39.38,150,
相演無煙燒肉（大興店）,330台灣桃園市桃園區春日里大興路136號,https://www.google.com/maps/place/%E7%9B%B8%E6%BC%94%E7%84%A1%E7%85%99%E7%87%92%E8%82%89%EF%BC%88%E5%A4%A7%E8%88%88%E5%BA%97%EF%BC%89/data=!4m2!3m1!1s0x34681e4cbc4fe281:0x53da2c87e8e4d689,其他,想去的地點,否,40.57,150,
金馥記脆皮烤鴨 士林店,111台灣臺北市士林區福德里中正路395號,https://www.google.com/maps/place/%E9%87%91%E9%A6%A5%E8%A8%98%E8%84%86%E7%9A%AE%E7%83%A4%E9%B4%A8+%E5%A3%AB%E6%9E%97%E5%BA%97/data=!4m2!3m1!1s0x3442aebb93260be3:0x238f093e01c3f654,其他,想去的地點,否,63.28,150,
小小樹食 敦南店,106台灣臺北市大安區義安里敦化南路二段39-1號捷運信義安和站,https://www.google.com/maps/place/%E5%B0%8F%E5%B0%8F%E6%A8%B9%E9%A3%9F+%E6%95%A6%E5%8D%97%E5%BA%97/data=!4m2!3m1!1s0x3442ab5fd0f69779:0xa58505627d023241,其他,想去的地點,否,62.79,150,
富來小館Food Life,30264台灣新竹縣竹北市東興里嘉興路313號,https://www.google.com/maps/place/%E5%AF%8C%E4%BE%86%E5%B0%8F%E9%A4%A8Food+Life/data=!4m2!3m1!1s0x3468378ce5653b57:0x2dac57a620cc495a,其他,想去的地點,否,5.69,150,
揚新麵食館,302台灣新竹縣竹北市中興里福興東路二段150號,https://www.google.com/maps/place/%E6%8F%9A%E6%96%B0%E9%BA%B5%E9%A3%9F%E9%A4%A8/data=!4m2!3m1!1s0x346836fec4217c75:0xdeff87439fb4db7b,中式,想去的地點,否,5.55,120,
蝸居 (日式/居酒屋/串燒/食堂),300台灣新竹市北區新民里愛文街3號,https://www.google.com/maps/place/%E8%9D%B8%E5%B1%85+(%E6%97%A5%E5%BC%8F%2F%E5%B1%85%E9%85%92%E5%B1%8B%2F%E4%B8%B2%E7%87%92%2F%E9%A3%9F%E5%A0%82)/data=!4m2!3m1!1s0x34683578ee505681:0x4e13274a182c364c,日式,想去的地點,否,1.25,600,
Dambino丹比諾 手工義大利麵.披薩 竹北店,302台灣新竹縣竹北市文化里文信路189號,https://www.google.com/maps/place/Dambino%E4%B8%B9%E6%AF%94%E8%AB%BE+%E6%89%8B%E5%B7%A5%E7%BE%A9%E5%A4%A7%E5%88%A9%E9%BA%B5.%E6%8A%AB%E8%96%A9+%E7%AB%B9%E5%8C%97%E5%BA%97/data=!4m2!3m1!1s0x34683774dd9bd11f:0x8136e62f2b6dc1a1,義式,想去的地點,否,4.56,350,
美福乾式熟成牛排館 Fresh & Aged Italian steak house,114台灣臺北市內湖區湖元里民善街128號2F,https://www.google.com/maps/place/%E7%BE%8E%E7%A6%8F%E4%B9%BE%E5%BC%8F%E7%86%9F%E6%88%90%E7%89%9B%E6%8E%92%E9%A4%A8+Fresh+%26+Aged+Italian+steak+house/data=!4m2!3m1!1s0x3442ab8421b594b7:0x312994ba5ab4c6bd,美式,想去的地點,否,66.47,400,肋眼/poter house/龍蝦
十二籃 粥火鍋 逸仙店,110台灣臺北市信義區興隆里逸仙路50巷28號,https://www.google.com/maps/place/%E5%8D%81%E4%BA%8C%E7%B1%83+%E7%B2%A5%E7%81%AB%E9%8D%8B+%E9%80%B8%E4%BB%99%E5%BA%97/data=!4m2!3m1!1s0x3442abb903676b8b:0x591fa610d920ea28,中式,想去的地點,否,64.46,450,
蜂大咖啡,108台灣臺北市萬華區西門里成都路42號,https://www.google.com/maps/place/%E8%9C%82%E5%A4%A7%E5%92%96%E5%95%A1/data=!4m2!3m1!1s0x3442a909a7dcb325:0xc2acc82bf84a21c4,其他,想去的地點,否,59.33,150,蛇丸
萬聯甜不辣,108台灣萬華區西門里西寧南路70號,https://www.google.com/maps/place/%E8%90%AC%E8%81%AF%E7%94%9C%E4%B8%8D%E8%BE%A3/data=!4m2!3m1!1s0x3442a9091cbe96fd:0x7254f34721492a6d,其他,想去的地點,否,59.33,150,蛇丸
老山東牛肉麺 (萬祥號麵莊),108台灣臺北市萬華區西門里西寧南路70號B1之15室,https://www.google.com/maps/place/%E8%80%81%E5%B1%B1%E6%9D%B1%E7%89%9B%E8%82%89%E9%BA%BA+(%E8%90%AC%E7%A5%A5%E8%99%9F%E9%BA%B5%E8%8E%8A)/data=!4m2!3m1!1s0x3442a9091cbc20b1:0x1c0da73bcf8de0ee,中式,想去的地點,否,59.33,120,蛇丸
三重大頭豬腸冬粉,241台灣新北市三重區仁愛街556號（對面,https://www.google.com/maps/place/%E4%B8%89%E9%87%8D%E5%A4%A7%E9%A0%AD%E8%B1%AC%E8%85%B8%E5%86%AC%E7%B2%89/data=!4m2!3m1!1s0x3442a96940f95abd:0xa546ee4a24cb10fa,其他,想去的地點,否,59.47,150,蛇丸
（葉）蘆洲手工小籠包,247台灣新北市蘆洲區信義里信義路306號,https://www.google.com/maps/place/%EF%BC%88%E8%91%89%EF%BC%89%E8%98%86%E6%B4%B2%E6%89%8B%E5%B7%A5%E5%B0%8F%E7%B1%A0%E5%8C%85/data=!4m2!3m1!1s0x3442a8cd1ee5ffbf:0x142fed59668a76d,中式,想去的地點,否,59.1,120,蛇丸
重慶豆漿炸蛋餅,103台灣臺北市大同區保安里重慶北路三段335巷32號,https://www.google.com/maps/place/%E9%87%8D%E6%85%B6%E8%B1%86%E6%BC%BF%E7%82%B8%E8%9B%8B%E9%A4%85/data=!4m2!3m1!1s0x3442a949f1cbd53d:0x82d33c5d6552191,其他,想去的地點,否,61.69,150,菜譜炸蛋餅，蛇丸
紅茶屋,103台灣臺北市大同區保安里重慶北路三段335巷56之1號,https://www.google.com/maps/place/%E7%B4%85%E8%8C%B6%E5%B1%8B/data=!4m2!3m1!1s0x3442a949f2d167d9:0xcbda0ae540ab01ce,其他,想去的地點,否,61.73,150,古早味，蛇丸
張家滷味,300台灣新竹市北區金雅里鐵道路二段292巷2號,https://www.google.com/maps/place/%E5%BC%B5%E5%AE%B6%E6%BB%B7%E5%91%B3/data=!4m2!3m1!1s0x346835cae00e3483:0xcef65ab0515f267e,中式,想去的地點,否,1.01,120,
全珍水煎包,300台灣新竹市北區金竹里金竹路176號,https://www.google.com/maps/place/%E5%85%A8%E7%8F%8D%E6%B0%B4%E7%85%8E%E5%8C%85/data=!4m2!3m1!1s0x346835f7160e7ea1:0xafe27745843438d0,中式,想去的地點,否,0.92,120,
曾記餡餅,300台灣新竹市北區文華里光華街88號,https://www.google.com/maps/place/%E6%9B%BE%E8%A8%98%E9%A4%A1%E9%A4%85/data=!4m2!3m1!1s0x34684cc86548d917:0x538e4022dac1e590,其他,想去的地點,否,0.21,150,
祥賀芒果牛奶冰,350台灣苗栗縣竹南鎮公義里公義路2452號,https://www.google.com/maps/place/%E7%A5%A5%E8%B3%80%E8%8A%92%E6%9E%9C%E7%89%9B%E5%A5%B6%E5%86%B0/data=!4m2!3m1!1s0x34684b3096cfe8f5:0xb163143f750bc46e,其他,想去的地點,否,10.96,150,
原豆粹食 GOOD SOYFOODS,358台灣苗栗縣苑裡鎮苑南里新興路86-1號,https://www.google.com/maps/place/%E5%8E%9F%E8%B1%86%E7%B2%B9%E9%A3%9F+GOOD+SOYFOODS/data=!4m2!3m1!1s0x34690afe2427b6f9:0x38f4a95623f69a48,其他,想去的地點,否,52.82,150,豆花
太興活海鮮餐廳,356台灣苗栗縣後龍鎮海埔里131之8號,https://www.google.com/maps/place/%E5%A4%AA%E8%88%88%E6%B4%BB%E6%B5%B7%E9%AE%AE%E9%A4%90%E5%BB%B3/data=!4m2!3m1!1s0x3469ae253772bc91:0x968db20042e96aef,中式,想去的地點,否,28.51,450,外帶鮮蝦三明治
灣麗手工窯烤披薩,358台灣苗栗縣苑裡鎮山柑里山柑里1鄰4之11號,https://www.google.com/maps/place/%E7%81%A3%E9%BA%97%E6%89%8B%E5%B7%A5%E7%AA%AF%E7%83%A4%E6%8A%AB%E8%96%A9/data=!4m2!3m1!1s0x34690f1b02bda81b:0x3471daa2878b0ad,義式,想去的地點,否,55.82,350,披薩
熊越岳,242台灣新北市新莊區幸福路736號一層號地下,https://www.google.com/maps/place/%E7%86%8A%E8%B6%8A%E5%B2%B3/data=!4m2!3m1!1s0x3442a9337a1cdf11:0x10c98e45c03aec63,其他,想去的地點,否,54.39,150,世軒推薦
劉媽媽涼麵,105台灣臺北市松山區復盛里市民大道五段37號,https://www.google.com/maps/place/%E5%8A%89%E5%AA%BD%E5%AA%BD%E6%B6%BC%E9%BA%B5/data=!4m2!3m1!1s0x3442abc07f95ce05:0x51e201b6a237e242,中式,想去的地點,否,64.4,120,朝聖
草地人蚵仔麵線,220台灣新北市板橋區忠翠里文化路二段182巷5弄1號,https://www.google.com/maps/place/%E8%8D%89%E5%9C%B0%E4%BA%BA%E8%9A%B5%E4%BB%94%E9%BA%B5%E7%B7%9A/data=!4m2!3m1!1s0x3442a840816891e5:0xd8cdf7100d77d89d,中式,想去的地點,否,55.43,120,世軒推薦
老龍師肉包 三民本店,505台灣彰化縣鹿港鎮龍山里三民路117號,https://www.google.com/maps/place/%E8%80%81%E9%BE%8D%E5%B8%AB%E8%82%89%E5%8C%85+%E4%B8%89%E6%B0%91%E6%9C%AC%E5%BA%97/data=!4m2!3m1!1s0x346946074d7b00a7:0x7f15e0df554e291e,中式,想去的地點,否,101.04,120,
阿振肉包,505台灣彰化縣鹿港鎮長興里中山路71號,https://www.google.com/maps/place/%E9%98%BF%E6%8C%AF%E8%82%89%E5%8C%85/data=!4m2!3m1!1s0x346946075c024c1f:0xbb65fc7adaa7ba8b,中式,想去的地點,否,100.89,120,
老龍師肉包 中山二店,505台灣彰化縣鹿港鎮長興里中山路31號,https://www.google.com/maps/place/%E8%80%81%E9%BE%8D%E5%B8%AB%E8%82%89%E5%8C%85+%E4%B8%AD%E5%B1%B1%E4%BA%8C%E5%BA%97/data=!4m2!3m1!1s0x346945fe0f8961c5:0xcf20d40287561990,中式,想去的地點,否,100.95,120,
巷仔內小卷米粉,202台灣基隆市中正區八斗里八斗街63-19號,https://www.google.com/maps/place/%E5%B7%B7%E4%BB%94%E5%85%A7%E5%B0%8F%E5%8D%B7%E7%B1%B3%E7%B2%89/data=!4m2!3m1!1s0x345d4fc224a0f41d:0x56cc07de47e6f63a,其他,想去的地點,否,90.56,150,
越富越南法國麵包,111台灣臺北市士林區蘭雅里德行東路45號,https://www.google.com/maps/place/%E8%B6%8A%E5%AF%8C%E8%B6%8A%E5%8D%97%E6%B3%95%E5%9C%8B%E9%BA%B5%E5%8C%85/data=!4m2!3m1!1s0x3442ae8338f5a2bd:0x1653f4c539b0afca,中式,想去的地點,否,64.45,120,保哥推薦
清寶鹹油條彰化直營店,500台灣彰化縣彰化市陽明里中正路一段47號,https://www.google.com/maps/place/%E6%B8%85%E5%AF%B6%E9%B9%B9%E6%B2%B9%E6%A2%9D%E5%BD%B0%E5%8C%96%E7%9B%B4%E7%87%9F%E5%BA%97/data=!4m2!3m1!1s0x346939c122aa6e77:0x7f3b3d22c347b196,中式,想去的地點,否,91.92,120,蚊子推薦
燒肉 琉球の牛 恩納店,"909-2 Maeganeku, Onna, Kunigami District, Okinawa 904-0414日本",https://www.google.com/maps/place/%E7%87%92%E8%82%89+%E7%90%89%E7%90%83%E3%81%AE%E7%89%9B+%E6%81%A9%E7%B4%8D%E5%BA%97/data=!4m2!3m1!1s0x34e51aca5afb013f:0xc95a3ce3a65b341e,其他,想去的地點,否,708.54,150,
El Mundo墨多（無訂位服務）不定期公休請查看IG粉專,300台灣新竹市北區士林里士林一街50號,https://www.google.com/maps/place/El+Mundo%E5%A2%A8%E5%A4%9A%EF%BC%88%E7%84%A1%E8%A8%82%E4%BD%8D%E6%9C%8D%E5%8B%99%EF%BC%89%E4%B8%8D%E5%AE%9A%E6%9C%9F%E5%85%AC%E4%BC%91%E8%AB%8B%E6%9F%A5%E7%9C%8BIG%E7%B2%89%E5%B0%88/data=!4m2!3m1!1s0x3468352c4ac640c1:0xecae2f3912596528,其他,想去的地點,否,2.02,150,
Pho. Xǔ河煦私廚越南河粉,302台灣新竹縣竹北市十興里莊敬北路112號1樓,https://www.google.com/maps/place/Pho.+X%C7%94%E6%B2%B3%E7%85%A6%E7%A7%81%E5%BB%9A%E8%B6%8A%E5%8D%97%E6%B2%B3%E7%B2%89/data=!4m2!3m1!1s0x34683700457c3755:0x5b9dd81dd737376e,其他,想去的地點,否,5.24,150,
壹吉炸豬排專門店（不定休，請參閱IG、FB),300台灣新竹市東區中正里大同路86號東門市場1105壹吉炸豬排,https://www.google.com/maps/place/%E5%A3%B9%E5%90%89%E7%82%B8%E8%B1%AC%E6%8E%92%E5%B0%88%E9%96%80%E5%BA%97%EF%BC%88%E4%B8%8D%E5%AE%9A%E4%BC%91%EF%BC%8C%E8%AB%8B%E5%8F%83%E9%96%B1IG%E3%80%81FB)/data=!4m2!3m1!1s0x3468352dda57339b:0xc5e67bbaeb0bc058,其他,想去的地點,否,1.28,150,
大溪秀梅現撈海鮮,261台灣宜蘭縣頭城鎮大溪里濱海路五段480號,https://www.google.com/maps/place/%E5%A4%A7%E6%BA%AA%E7%A7%80%E6%A2%85%E7%8F%BE%E6%92%88%E6%B5%B7%E9%AE%AE/data=!4m2!3m1!1s0x3467e99244ecbde7:0x7bb33637aaf89076,中式,想去的地點,否,94.56,450,電車吃漢
大里海堤海鮮,261台灣宜蘭縣頭城鎮大里路78號,https://www.google.com/maps/place/%E5%A4%A7%E9%87%8C%E6%B5%B7%E5%A0%A4%E6%B5%B7%E9%AE%AE/data=!4m2!3m1!1s0x345d5ff9859a3d7b:0xbe874fae253f7f5d,中式,想去的地點,否,97.08,450,電車吃漢
黃記魯肉飯,104台灣臺北市中山區恆安里中山北路二段183巷28號,https://www.google.com/maps/place/%E9%BB%83%E8%A8%98%E9%AD%AF%E8%82%89%E9%A3%AF/data=!4m2!3m1!1s0x3442a944dc7cf511:0xa66c2a3f83f5f9de,中式,想去的地點,否,61.96,120,白菜滷、蹄膀
竹東阿英鮮肉湯包（本店全年無休）,310台灣新竹縣竹東鎮榮樂里東林路67號,https://www.google.com/maps/place/%E7%AB%B9%E6%9D%B1%E9%98%BF%E8%8B%B1%E9%AE%AE%E8%82%89%E6%B9%AF%E5%8C%85%EF%BC%88%E6%9C%AC%E5%BA%97%E5%85%A8%E5%B9%B4%E7%84%A1%E4%BC%91%EF%BC%89/data=!4m2!3m1!1s0x346847e61d56c36b:0xd0967e199cd822f,中式,想去的地點,否,14.73,120,
魅麗海 中庭餐廳(德立莊店),100台灣臺北市中正區光復里秀山街4號,https://www.google.com/maps/place/%E9%AD%85%E9%BA%97%E6%B5%B7+%E4%B8%AD%E5%BA%AD%E9%A4%90%E5%BB%B3(%E5%BE%B7%E7%AB%8B%E8%8E%8A%E5%BA%97)/data=!4m2!3m1!1s0x3442a901e2f04c3f:0x7d3e8ef2ed3e4a38,其他,想去的地點,否,59.61,150,
台糖台北會館-甜心餐廳,100台灣臺北市中正區光復里中華路一段39號,https://www.google.com/maps/place/%E5%8F%B0%E7%B3%96%E5%8F%B0%E5%8C%97%E6%9C%83%E9%A4%A8-%E7%94%9C%E5%BF%83%E9%A4%90%E5%BB%B3/data=!4m2!3m1!1s0x3442a90c117e1efd:0xf42f3022e0051bfa,其他,想去的地點,否,59.75,150,
全家福客家菜館,302台灣新竹縣竹北市北崙里光明六路118號,https://www.google.com/maps/place/%E5%85%A8%E5%AE%B6%E7%A6%8F%E5%AE%A2%E5%AE%B6%E8%8F%9C%E9%A4%A8/data=!4m2!3m1!1s0x34683692fa2741a7:0xd0144c3d80facd28,其他,想去的地點,否,3.73,150,
JE German Cuisine 德國美食,302台灣新竹縣竹北市斗崙里縣政二路9號,https://www.google.com/maps/place/JE+German+Cuisine+%E5%BE%B7%E5%9C%8B%E7%BE%8E%E9%A3%9F/data=!4m2!3m1!1s0x346837213cab3f75:0x4bbbc4e8b4035c3,其他,想去的地點,否,4.08,150,
北門口肉圓,500台灣彰化縣彰化市信義里中正路一段494號,https://www.google.com/maps/place/%E5%8C%97%E9%96%80%E5%8F%A3%E8%82%89%E5%9C%93/data=!4m2!3m1!1s0x3469389737452aa9:0xc3e8af61aaaa31a,中式,想去的地點,否,92.59,120,
阿三肉圓,500台灣彰化縣彰化市民生里三民路242號,https://www.google.com/maps/place/%E9%98%BF%E4%B8%89%E8%82%89%E5%9C%93/data=!4m2!3m1!1s0x3469389638ee0feb:0xfe4657b14b513b28,中式,想去的地點,否,92.21,120,
甲林鐵板燒,234台灣新北市永和區協和里保平路50巷8弄16號,https://www.google.com/maps/place/%E7%94%B2%E6%9E%97%E9%90%B5%E6%9D%BF%E7%87%92/data=!4m2!3m1!1s0x3442a9c2deb23c99:0x689d21ea10590909,其他,想去的地點,否,58.3,150,便宜附餐吃到飽/金針菇肉片/塔香蛤蜊
阿嬤的米粉湯,115台灣臺北市南港區聯成里東新街81號,https://www.google.com/maps/place/%E9%98%BF%E5%AC%A4%E7%9A%84%E7%B1%B3%E7%B2%89%E6%B9%AF/data=!4m2!3m1!1s0x3442ab73f9a78123:0x2f3059a28cab0ed3,中式,想去的地點,否,67.11,120,
斑馬豆花,300台灣新竹市北區光田里水田街212號,https://www.google.com/maps/place/%E6%96%91%E9%A6%AC%E8%B1%86%E8%8A%B1/data=!4m2!3m1!1s0x3468357e35546be5:0x2786704185d1f75,其他,想去的地點,否,0.46,150,
越好飯館｜越式料理｜道地越南美食｜牛肉河粉｜生春捲炸春捲｜法國麵包,300台灣新竹市北區民富街25號,https://www.google.com/maps/place/%E8%B6%8A%E5%A5%BD%E9%A3%AF%E9%A4%A8%EF%BD%9C%E8%B6%8A%E5%BC%8F%E6%96%99%E7%90%86%EF%BD%9C%E9%81%93%E5%9C%B0%E8%B6%8A%E5%8D%97%E7%BE%8E%E9%A3%9F%EF%BD%9C%E7%89%9B%E8%82%89%E6%B2%B3%E7%B2%89%EF%BD%9C%E7%94%9F%E6%98%A5%E6%8D%B2%E7%82%B8%E6%98%A5%E6%8D%B2%EF%BD%9C%E6%B3%95%E5%9C%8B%E9%BA%B5%E5%8C%85/data=!4m2!3m1!1s0x346835c758dcb5c5:0x2c320e0d983b2fd5,東南亞式,想去的地點,否,1.13,250,
臭霸王臭豆腐,401台灣臺中市東區旱溪里旱溪西路一段443號,https://www.google.com/maps/place/%E8%87%AD%E9%9C%B8%E7%8E%8B%E8%87%AD%E8%B1%86%E8%85%90/data=!4m2!3m1!1s0x34693d4624ba751d:0x255bab29ed482066,中式,想去的地點,否,79.99,120,臭豆腐茶碗蒸
咖喱狼(咖哩狼)港西店,202台灣基隆市中正區新豐里新豐街141號,https://www.google.com/maps/place/%E5%92%96%E5%96%B1%E7%8B%BC(%E5%92%96%E5%93%A9%E7%8B%BC)%E6%B8%AF%E8%A5%BF%E5%BA%97/data=!4m2!3m1!1s0x345d4fd5553fc1f9:0x1bfb7c5025dff73c,東南亞式,想去的地點,否,89.77,250,
咖喱狼(咖哩狼)新豐店,202台灣基隆市中正區新豐里新豐街141號,https://www.google.com/maps/place/%E5%92%96%E5%96%B1%E7%8B%BC(%E5%92%96%E5%93%A9%E7%8B%BC)%E6%96%B0%E8%B1%90%E5%BA%97/data=!4m2!3m1!1s0x345d4fe10fb4515d:0x867f90b9b04c5902,東南亞式,想去的地點,否,89.77,250,
淳和食 無菜單料理恕不接受當天訂位,30059台灣新竹市東區復興里鐵道路一段148號,https://www.google.com/maps/place/%E6%B7%B3%E5%92%8C%E9%A3%9F+%E7%84%A1%E8%8F%9C%E5%96%AE%E6%96%99%E7%90%86%E6%81%95%E4%B8%8D%E6%8E%A5%E5%8F%97%E7%95%B6%E5%A4%A9%E8%A8%82%E4%BD%8D/data=!4m2!3m1!1s0x346835797fea0c23:0xad7a8117e9f8f39b,日式,想去的地點,否,0.86,300,
南寮『老吃雞』鹹水雞,300台灣新竹市北區南寮里東大路三段612號,https://www.google.com/maps/place/%E5%8D%97%E5%AF%AE%E3%80%8E%E8%80%81%E5%90%83%E9%9B%9E%E3%80%8F%E9%B9%B9%E6%B0%B4%E9%9B%9E/data=!4m2!3m1!1s0x346835acfea2a043:0xada92a57f26c9c10,其他,想去的地點,否,4.29,150,
Baxter義式手工冰淇淋,310台灣新竹縣竹東鎮五豐里自強路66號,https://www.google.com/maps/place/Baxter%E7%BE%A9%E5%BC%8F%E6%89%8B%E5%B7%A5%E5%86%B0%E6%B7%87%E6%B7%8B/data=!4m2!3m1!1s0x346847fd07a10931:0x5ba8c2244337afa,義式,想去的地點,否,13.29,350,
老徐蒸餃,310台灣新竹縣竹東鎮榮樂里東林路50號,https://www.google.com/maps/place/%E8%80%81%E5%BE%90%E8%92%B8%E9%A4%83/data=!4m2!3m1!1s0x346837cfffffffff:0x7f446944664b598b,中式,想去的地點,否,14.72,120,
Sandro pizza,310台灣新竹縣竹東鎮竹東里三民街63號,https://www.google.com/maps/place/Sandro+pizza/data=!4m2!3m1!1s0x346847e455555555:0x2eba591822ce32e2,義式,想去的地點,否,14.32,350,
泰味居燒烤店,310台灣新竹縣竹東鎮榮樂里杞林路129號,https://www.google.com/maps/place/%E6%B3%B0%E5%91%B3%E5%B1%85%E7%87%92%E7%83%A4%E5%BA%97/data=!4m2!3m1!1s0x346847e33e7c9cfb:0x7f2e7f4fbfb17764,其他,想去的地點,否,14.74,150,
T.grace法式鐵板燒,310015台灣新竹縣竹東鎮榮華里自強路416號,https://www.google.com/maps/place/T.grace%E6%B3%95%E5%BC%8F%E9%90%B5%E6%9D%BF%E7%87%92/data=!4m2!3m1!1s0x3468476b822683e3:0x5d5dd7f2bf606dd,其他,想去的地點,否,13.67,150,
Fa Burger,106台灣臺北市大安區仁慈里大安路一段172號,https://www.google.com/maps/place/Fa+Burger/data=!4m2!3m1!1s0x3442abd39d167a5b:0x6b662c798df04cf0,美式,想去的地點,否,62.7,400,
猿燒さる宜蘭店,260台灣宜蘭縣宜蘭市孝廉里幸福路96號,https://www.google.com/maps/place/%E7%8C%BF%E7%87%92%E3%81%95%E3%82%8B%E5%AE%9C%E8%98%AD%E5%BA%97/data=!4m2!3m1!1s0x3467e4ea904401ed:0xbf071e5db43d212c,其他,想去的地點,否,79.08,150,
猿燒 季節料理-羅東店,265台灣宜蘭縣羅東鎮信義里復興路一段115號,https://www.google.com/maps/place/%E7%8C%BF%E7%87%92+%E5%AD%A3%E7%AF%80%E6%96%99%E7%90%86-%E7%BE%85%E6%9D%B1%E5%BA%97/data=!4m2!3m1!1s0x3467e67e5a474e7f:0x38dd72145d897fe2,其他,想去的地點,否,81.56,150,
梅之屋,300台灣新竹市北區長和里城北街77號,https://www.google.com/maps/place/%E6%A2%85%E4%B9%8B%E5%B1%8B/data=!4m2!3m1!1s0x346835b8bda329e1:0x4fa660681d986877,其他,想去的地點,否,1.15,150,
金園排骨萬年店,108台灣臺北市萬華區西門里西寧南路70號B1,https://www.google.com/maps/place/%E9%87%91%E5%9C%92%E6%8E%92%E9%AA%A8%E8%90%AC%E5%B9%B4%E5%BA%97/data=!4m2!3m1!1s0x3442a9092609d397:0xa8da6f98aafe0d4b,其他,想去的地點,否,59.33,150,
台北東一排骨總店,100台灣臺北市中正區光復里延平南路61號2樓,https://www.google.com/maps/place/%E5%8F%B0%E5%8C%97%E6%9D%B1%E4%B8%80%E6%8E%92%E9%AA%A8%E7%B8%BD%E5%BA%97/data=!4m2!3m1!1s0x3442a9727e33867f:0x1d4371b37ee7bd96,其他,想去的地點,否,59.79,150,
金春發牛肉百年老店天水路總店,103台灣臺北市大同區建功里天水路20號,https://www.google.com/maps/place/%E9%87%91%E6%98%A5%E7%99%BC%E7%89%9B%E8%82%89%E7%99%BE%E5%B9%B4%E8%80%81%E5%BA%97%E5%A4%A9%E6%B0%B4%E8%B7%AF%E7%B8%BD%E5%BA%97/data=!4m2!3m1!1s0x3442a913394b75ad:0xe6755206e4f007a5,其他,想去的地點,否,60.43,150,
善菓堂 SHAN GUO TANG,"1樓, No. 188號莊敬南路鹿場里竹北市新竹縣台灣 302",https://www.google.com/maps/place/%E5%96%84%E8%8F%93%E5%A0%82+SHAN+GUO+TANG/data=!4m2!3m1!1s0x3442abc933f7f339:0xcf78c6ce5fe4ddb,其他,想去的地點,否,4.61,150,
光輝肉羹,111台灣臺北市士林區福佳里華榮街21號,https://www.google.com/maps/place/%E5%85%89%E8%BC%9D%E8%82%89%E7%BE%B9/data=!4m2!3m1!1s0x3442aebc92acad93:0x37344bfd8b170af9,中式,想去的地點,否,63.57,120,
士林大香腸鼻祖龍飛牌,111台灣臺北市士林區福佳里中正路288號,https://www.google.com/maps/place/%E5%A3%AB%E6%9E%97%E5%A4%A7%E9%A6%99%E8%85%B8%E9%BC%BB%E7%A5%96%E9%BE%8D%E9%A3%9B%E7%89%8C/data=!4m2!3m1!1s0x3442afcbd0056635:0xe3a36817b3eceaa3,其他,想去的地點,否,63.52,150,
玄珠 SʏᴜᴀɴDʀᴇᴡ 自烘咖啡 & 自製抹醬 Coffee Roast & Spread,111台灣臺北市士林區福林里中正路213巷58號1樓,https://www.google.com/maps/place/%E7%8E%84%E7%8F%A0+S%CA%8F%E1%B4%9C%E1%B4%80%C9%B4D%CA%80%E1%B4%87%E1%B4%A1+%E8%87%AA%E7%83%98%E5%92%96%E5%95%A1+%26+%E8%87%AA%E8%A3%BD%E6%8A%B9%E9%86%AC+Coffee+Roast+%26+Spread/data=!4m2!3m1!1s0x3442afa36a20f56b:0xc8c098224efc0007,其他,想去的地點,否,63.74,150,
以利泡泡冰-士林總店,111台灣臺北市士林區福佳里華榮街4號,https://www.google.com/maps/place/%E4%BB%A5%E5%88%A9%E6%B3%A1%E6%B3%A1%E5%86%B0-%E5%A3%AB%E6%9E%97%E7%B8%BD%E5%BA%97/data=!4m2!3m1!1s0x3442aeb1c01ca653:0x1bccc6cbffd72f4b,其他,想去的地點,否,63.57,150,
ㄚ川水煎包,112台灣臺北市北投區振華里裕民一路34號（對面號,https://www.google.com/maps/place/%E3%84%9A%E5%B7%9D%E6%B0%B4%E7%85%8E%E5%8C%85/data=!4m2!3m1!1s0x3442ae8c84ce22ff:0x6e76658ce1595c8b,中式,想去的地點,否,64.2,120,
洪記上海生煎包,112台灣臺北市北投區振華里石牌路二段56號,https://www.google.com/maps/place/%E6%B4%AA%E8%A8%98%E4%B8%8A%E6%B5%B7%E7%94%9F%E7%85%8E%E5%8C%85/data=!4m2!3m1!1s0x3442ae8c93692865:0x31ad896e40e87b9a,中式,想去的地點,否,64.04,120,
生煎包,435台灣臺中市梧棲區大庄里中央路一段919-5號,https://www.google.com/maps/place/%E7%94%9F%E7%85%8E%E5%8C%85/data=!4m2!3m1!1s0x3442ae8c7c31e4e5:0x409699f5387a5f90,中式,想去的地點,否,76.99,120,
東門興記手工水餃港式點心,100台灣臺北市中正區文祥里金山南路一段124號,https://www.google.com/maps/place/%E6%9D%B1%E9%96%80%E8%88%88%E8%A8%98%E6%89%8B%E5%B7%A5%E6%B0%B4%E9%A4%83%E6%B8%AF%E5%BC%8F%E9%BB%9E%E5%BF%83/data=!4m2!3m1!1s0x3442a9829e289783:0xd60c7be95f909072,中式,想去的地點,否,60.9,120,林青霞最愛的水餃
掬熙商行 G.C Brunch & Coffee,30042台灣新竹市東區親仁里仁愛街78號,https://www.google.com/maps/place/%E6%8E%AC%E7%86%99%E5%95%86%E8%A1%8C+G.C+Brunch+%26+Coffee/data=!4m2!3m1!1s0x3468351897b42539:0xca6218ee2b1549fd,其他,想去的地點,否,0.91,150,
清真黃牛肉麵館,100台灣臺北市中正區光復里延平南路23號,https://www.google.com/maps/place/%E6%B8%85%E7%9C%9F%E9%BB%83%E7%89%9B%E8%82%89%E9%BA%B5%E9%A4%A8/data=!4m2!3m1!1s0x3442a90c5d084873:0x1100bf99d89ef9c6,中式,想去的地點,否,59.87,120,
新竹南寮龍興本港海鮮快炒,300台灣新竹市北區南寮里東大路四段194號,https://www.google.com/maps/place/%E6%96%B0%E7%AB%B9%E5%8D%97%E5%AF%AE%E9%BE%8D%E8%88%88%E6%9C%AC%E6%B8%AF%E6%B5%B7%E9%AE%AE%E5%BF%AB%E7%82%92/data=!4m2!3m1!1s0x346834f004fc0f39:0xe9fc995d26d70806,中式,想去的地點,否,5.33,450,
亞廬義大利窯烤吃到飽餐廳,106台灣臺北市大安區虎嘯里基隆路二段270號2樓,https://www.google.com/maps/place/%E4%BA%9E%E5%BB%AC%E7%BE%A9%E5%A4%A7%E5%88%A9%E7%AA%AF%E7%83%A4%E5%90%83%E5%88%B0%E9%A3%BD%E9%A4%90%E5%BB%B3/data=!4m2!3m1!1s0x3442aa31ca335509:0x6778a4cf73f9e7e3,其他,想去的地點,否,62.45,150,
漢來名人坊 世貿店,110台灣臺北市信義區西村里基隆路一段333號34樓,https://www.google.com/maps/place/%E6%BC%A2%E4%BE%86%E5%90%8D%E4%BA%BA%E5%9D%8A+%E4%B8%96%E8%B2%BF%E5%BA%97/data=!4m2!3m1!1s0x3442abe7d84659fb:0x2649930ca6987148,其他,想去的地點,否,64.03,150,
大稻埕魯肉飯,103台灣臺北市大同區建明里長安西路220巷17號,https://www.google.com/maps/place/%E5%A4%A7%E7%A8%BB%E5%9F%95%E9%AD%AF%E8%82%89%E9%A3%AF/data=!4m2!3m1!1s0x3442a96d2ecfd72b:0x21c4c5b2853cd189,中式,想去的地點,否,60.48,120,
施福建好吃雞肉,108台灣臺北市萬華區福星里環河南路一段25巷4號,https://www.google.com/maps/place/%E6%96%BD%E7%A6%8F%E5%BB%BA%E5%A5%BD%E5%90%83%E9%9B%9E%E8%82%89/data=!4m2!3m1!1s0x3442a90f48a94c65:0xa9915567cc2e32a5,其他,想去的地點,否,59.29,150,
萬華小米蛋餅,108台灣臺北市萬華區新起里康定路85號,https://www.google.com/maps/place/%E8%90%AC%E8%8F%AF%E5%B0%8F%E7%B1%B3%E8%9B%8B%E9%A4%85/data=!4m2!3m1!1s0x3442a96d10e2f4ab:0x1c1999a5c0a09224,其他,想去的地點,否,58.83,150,
小飛俠手工麵線糊 & 花生米血糕［一人作業不外送，預訂餐點需提早30分鐘，十碗以上提早一小時訂餐，電話沒接就是我很忙］,302台灣新竹縣竹北市泰和里新泰路24號,https://www.google.com/maps/place/%E5%B0%8F%E9%A3%9B%E4%BF%A0%E6%89%8B%E5%B7%A5%E9%BA%B5%E7%B7%9A%E7%B3%8A+%26+%E8%8A%B1%E7%94%9F%E7%B1%B3%E8%A1%80%E7%B3%95%EF%BC%BB%E4%B8%80%E4%BA%BA%E4%BD%9C%E6%A5%AD%E4%B8%8D%E5%A4%96%E9%80%81%EF%BC%8C%E9%A0%90%E8%A8%82%E9%A4%90%E9%BB%9E%E9%9C%80%E6%8F%90%E6%97%A930%E5%88%86%E9%90%98%EF%BC%8C%E5%8D%81%E7%A2%97%E4%BB%A5%E4%B8%8A%E6%8F%90%E6%97%A9%E4%B8%80%E5%B0%8F%E6%99%82%E8%A8%82%E9%A4%90%EF%BC%8C%E9%9B%BB%E8%A9%B1%E6%B2%92%E6%8E%A5%E5%B0%B1%E6%98%AF%E6%88%91%E5%BE%88%E5%BF%99%EF%BC%BD/data=!4m2!3m1!1s0x346836c0923cdda7:0x4ab0c401492d111,中式,想去的地點,否,4.33,120,
賜福船長的店,337台灣桃園市大園區沙崙里漁港路468號,https://www.google.com/maps/place/%E8%B3%9C%E7%A6%8F%E8%88%B9%E9%95%B7%E7%9A%84%E5%BA%97/data=!4m2!3m1!1s0x34429f6c0f51fa2f:0xd572e5c71510ed72,其他,想去的地點,否,43.3,150,
格拉斯麗台北飯店,100013台灣臺北市中正區梅花里忠孝東路二段89號3樓,https://www.google.com/maps/place/%E6%A0%BC%E6%8B%89%E6%96%AF%E9%BA%97%E5%8F%B0%E5%8C%97%E9%A3%AF%E5%BA%97/data=!4m2!3m1!1s0x3442a97b68c2f0f3:0xdca439be3051e900,其他,想去的地點,否,61.58,未知,
TABLE JOE 喬桌子廚房,300台灣新竹市東區復中里三民路25號,https://www.google.com/maps/place/TABLE+JOE+%E5%96%AC%E6%A1%8C%E5%AD%90%E5%BB%9A%E6%88%BF/data=!4m2!3m1!1s0x346835c4c035c913:0xf7d70f99146db316,其他,想去的地點,否,0.84,150,
八旗皇族香酥鴨,700台灣臺南市中西區南廠里金華路三段22號,https://www.google.com/maps/place/%E5%85%AB%E6%97%97%E7%9A%87%E6%97%8F%E9%A6%99%E9%85%A5%E9%B4%A8/data=!4m2!3m1!1s0x346e764458b4a04f:0x97b5c2b3fb2bbc88,其他,想去的地點,否,218.16,150,
柒伍無煙燒肉,300台灣新竹市東區大同路23號,https://www.google.com/maps/place/%E6%9F%92%E4%BC%8D%E7%84%A1%E7%85%99%E7%87%92%E8%82%89/data=!4m2!3m1!1s0x3468355459f4a43d:0x9f1c2c92abeb9ab7,其他,想去的地點,否,1.49,150,
竹蓮什錦麵,300台灣新竹市東區東山里食品路126號,https://www.google.com/maps/place/%E7%AB%B9%E8%93%AE%E4%BB%80%E9%8C%A6%E9%BA%B5/data=!4m2!3m1!1s0x346835eee97a8af5:0xf74721e51885e600,中式,想去的地點,否,2.05,120,
三元花園韓式餐廳 瑞光店,114台灣臺北市內湖區港墘里瑞光路188巷43號1F,https://www.google.com/maps/place/%E4%B8%89%E5%85%83%E8%8A%B1%E5%9C%92%E9%9F%93%E5%BC%8F%E9%A4%90%E5%BB%B3+%E7%91%9E%E5%85%89%E5%BA%97/data=!4m2!3m1!1s0x3442ac7b78a5ecd9:0x8a5e9972a0572cd7,韓式,想去的地點,否,67.19,350,
陞豪鍋物 霑泊餐飲開發,202台灣基隆市中正區港通里中正路34號,https://www.google.com/maps/place/%E9%99%9E%E8%B1%AA%E9%8D%8B%E7%89%A9+%E9%9C%91%E6%B3%8A%E9%A4%90%E9%A3%B2%E9%96%8B%E7%99%BC/data=!4m2!3m1!1s0x3442ad1068f676e5:0x1c2e08b7e5c0aba3,其他,想去的地點,否,85.38,150,
陞豪火鍋,202台灣基隆市中正區港通里中正路34號,https://www.google.com/maps/place/%E9%99%9E%E8%B1%AA%E7%81%AB%E9%8D%8B/data=!4m2!3m1!1s0x345d4e405e2e3bc3:0x9749d75cc86dab7e,中式,想去的地點,否,85.38,450,
小喬新疆羊肉串,220台灣新北市板橋區嵐翠里仁化街84號,https://www.google.com/maps/place/%E5%B0%8F%E5%96%AC%E6%96%B0%E7%96%86%E7%BE%8A%E8%82%89%E4%B8%B2/data=!4m2!3m1!1s0x3442a84402969d03:0x4abef407a4e9c018,其他,想去的地點,否,53.28,150,
清真恩德元餃子館,408台灣臺中市南屯區同心里文心路一段200號,https://www.google.com/maps/place/%E6%B8%85%E7%9C%9F%E6%81%A9%E5%BE%B7%E5%85%83%E9%A4%83%E5%AD%90%E9%A4%A8/data=!4m2!3m1!1s0x34693db90c147f61:0xae694d0f2e175f3a,中式,想去的地點,否,81.96,120,
築路 JULU,300台灣新竹市東區光復里忠孝路27巷11號,https://www.google.com/maps/place/%E7%AF%89%E8%B7%AF+JULU/data=!4m2!3m1!1s0x346837f7cc22665f:0xd33210559796cc8a,其他,想去的地點,否,2.27,150,
村 日式料理,237台灣新北市三峽區永舘里民生街108號2樓,https://www.google.com/maps/place/%E6%9D%91+%E6%97%A5%E5%BC%8F%E6%96%99%E7%90%86/data=!4m2!3m1!1s0x34681b60062b0e5d:0x9ad3e97ce3256c72,日式,想去的地點,否,42.43,300,
泰市場 Spice Market,104053台灣臺北市中山區植福路200號4樓台北大直英迪格酒店4F,https://www.google.com/maps/place/%E6%B3%B0%E5%B8%82%E5%A0%B4+Spice+Market/data=!4m2!3m1!1s0x3442abbbd49807b9:0x5bea25cbb9ae71ae,其他,想去的地點,否,66.16,150,
天食餐廳,350台灣苗栗縣竹南鎮大埔里大埔五街182號(左側號,https://www.google.com/maps/place/%E5%A4%A9%E9%A3%9F%E9%A4%90%E5%BB%B3/data=!4m2!3m1!1s0x34684d9673dfe399:0xb7c8f9b53330aa,其他,想去的地點,否,14.07,150,林介文推薦
鵝肉擔,369台灣苗栗縣卓蘭鎮新厝里經國路102號,https://www.google.com/maps/place/%E9%B5%9D%E8%82%89%E6%93%94/data=!4m2!3m1!1s0x34690346261e15f7:0x75731a49da3a8036,中式,想去的地點,否,57.95,120,
口福鵝肉店,369台灣苗栗縣卓蘭鎮新榮里中山路65號,https://www.google.com/maps/place/%E5%8F%A3%E7%A6%8F%E9%B5%9D%E8%82%89%E5%BA%97/data=!4m2!3m1!1s0x34690337e87b0935:0xd6fd68cc7dcb5acf,中式,想去的地點,否,58.08,120,
安可土雞城,328台灣桃園市觀音區忠孝路1200巷149號,https://www.google.com/maps/place/%E5%AE%89%E5%8F%AF%E5%9C%9F%E9%9B%9E%E5%9F%8E/data=!4m2!3m1!1s0x346827050ff0f54d:0xbf39a41adc2fbd57,其他,想去的地點,否,32.73,150,
來來牛家莊,328台灣桃園市觀音區廣興里成功路二段1538號,https://www.google.com/maps/place/%E4%BE%86%E4%BE%86%E7%89%9B%E5%AE%B6%E8%8E%8A/data=!4m2!3m1!1s0x3468264c7b8cb0b9:0x8207f951945a87cd,其他,想去的地點,否,27.95,150,
料韓男1號店(復興店)-韓國熟成烤五花肉,106台灣臺北市大安區仁愛路四段345巷4弄4號,https://www.google.com/maps/place/%E6%96%99%E9%9F%93%E7%94%B71%E8%99%9F%E5%BA%97(%E5%BE%A9%E8%88%88%E5%BA%97)-%E9%9F%93%E5%9C%8B%E7%86%9F%E6%88%90%E7%83%A4%E4%BA%94%E8%8A%B1%E8%82%89/data=!4m2!3m1!1s0x3442ab8c82378ceb:0x1dc92c2cf7cb01f3,韓式,想去的地點,否,63.54,350,
沾美藝術庭苑 Jimmy’s Garden,106台灣臺北市大安區龍門里新生南路三段11巷5號,https://www.google.com/maps/place/%E6%B2%BE%E7%BE%8E%E8%97%9D%E8%A1%93%E5%BA%AD%E8%8B%91+Jimmy%E2%80%99s+Garden/data=!4m2!3m1!1s0x3442a9870b37d50f:0xf6027252416f27ee,其他,想去的地點,否,61.26,150,
黃家香腸,100台灣臺北市中正區永功里泉州街32之3號,https://www.google.com/maps/place/%E9%BB%83%E5%AE%B6%E9%A6%99%E8%85%B8/data=!4m2!3m1!1s0x3442a9bd6f8a8175:0xebcb6e980dcb3bcb,其他,想去的地點,否,59.22,150,
王記排骨酥湯,100台灣臺北市中正區螢圃里汀州路二段81號,https://www.google.com/maps/place/%E7%8E%8B%E8%A8%98%E6%8E%92%E9%AA%A8%E9%85%A5%E6%B9%AF/data=!4m2!3m1!1s0x3442a99774c55c13:0xe6e9b86314c89638,中式,想去的地點,否,59.56,120,
坐看雲起時人文空間,822台灣高雄市阿蓮區崗山里菩提二路501號,https://www.google.com/maps/place/%E5%9D%90%E7%9C%8B%E9%9B%B2%E8%B5%B7%E6%99%82%E4%BA%BA%E6%96%87%E7%A9%BA%E9%96%93/data=!4m2!3m1!1s0x346e72d77eafcc17:0x7bfe2ba564d5d58f,其他,想去的地點,否,227.66,150,
台發切仔麵,10491台灣臺北市中山區永安里北安路458巷41弄22號,https://www.google.com/maps/place/%E5%8F%B0%E7%99%BC%E5%88%87%E4%BB%94%E9%BA%B5/data=!4m2!3m1!1s0x3442ac067f9a3579:0x538b2887f144253b,中式,想去的地點,否,64.64,120,
天狗舞居酒屋,300台灣新竹市北區金華里光華一街50之1號1樓,https://www.google.com/maps/place/%E5%A4%A9%E7%8B%97%E8%88%9E%E5%B1%85%E9%85%92%E5%B1%8B/data=!4m2!3m1!1s0x346835ce62958d33:0x7faa70a7054411ca,日式,日式居酒屋,是,0.12,600,
新泰路米苔目,242台灣新北市新莊區景德路197號,https://www.google.com/maps/place/%E6%96%B0%E6%B3%B0%E8%B7%AF%E7%B1%B3%E8%8B%94%E7%9B%AE/data=!4m2!3m1!1s0x3442a874ecbf9ba7:0x55f2244fcd2ef5b7,其他,民眾台8線,是,53.77,150,
Café32 |頭份咖啡廳|咖啡|手沖|咖啡廳|易經|寵物友善|店狗|英式鹹派|薄皮披薩|問事咖啡廳,351台灣苗栗縣頭份市東民五街32號,https://www.google.com/maps/place/Caf%C3%A932+%7C%E9%A0%AD%E4%BB%BD%E5%92%96%E5%95%A1%E5%BB%B3%7C%E5%92%96%E5%95%A1%7C%E6%89%8B%E6%B2%96%7C%E5%92%96%E5%95%A1%E5%BB%B3%7C%E6%98%93%E7%B6%93%7C%E5%AF%B5%E7%89%A9%E5%8F%8B%E5%96%84%7C%E5%BA%97%E7%8B%97%7C%E8%8B%B1%E5%BC%8F%E9%B9%B9%E6%B4%BE%7C%E8%96%84%E7%9A%AE%E6%8A%AB%E8%96%A9%7C%E5%95%8F%E4%BA%8B%E5%92%96%E5%95%A1%E5%BB%B3/data=!4m2!3m1!1s0x34684d681bdf72ab:0x575c98a11dbefde,義式,民眾台8線,是,16.71,350,
四方鮮乳牧場,350台灣苗栗縣竹南鎮崎頂里12鄰,https://www.google.com/maps/place/%E5%9B%9B%E6%96%B9%E9%AE%AE%E4%B9%B3%E7%89%A7%E5%A0%B4/data=!4m2!3m1!1s0x3469b4adcbb86b39:0x1b7792ecdf8522ea,其他,民眾台8線,是,17.56,150,
揪享食（炒飯麵熱炒）,351台灣苗栗縣頭份市信義里仁愛路47號七鄰,https://www.google.com/maps/place/%E6%8F%AA%E4%BA%AB%E9%A3%9F%EF%BC%88%E7%82%92%E9%A3%AF%E9%BA%B5%E7%86%B1%E7%82%92%EF%BC%89/data=!4m2!3m1!1s0x34684ddb1616a75b:0x741b962b3cb9f169,中式,民眾台8線,是,15.89,450,
蘆竹湳古厝 | 團體(旅行社)參觀請預約❗❗,351台灣苗栗縣頭份市蘆竹里蘆竹里15鄰191號,https://www.google.com/maps/place/%E8%98%86%E7%AB%B9%E6%B9%B3%E5%8F%A4%E5%8E%9D+%7C+%E5%9C%98%E9%AB%94(%E6%97%85%E8%A1%8C%E7%A4%BE)%E5%8F%83%E8%A7%80%E8%AB%8B%E9%A0%90%E7%B4%84%E2%9D%97%E2%9D%97/data=!4m2!3m1!1s0x3469b3292a484371:0x6be3329a3865fe4d,其他,民眾台8線,是,18.48,150,
福州乾拌麵,334台灣桃園市八德區大忠里介壽路一段957號,https://www.google.com/maps/place/%E7%A6%8F%E5%B7%9E%E4%B9%BE%E6%8B%8C%E9%BA%B5/data=!4m2!3m1!1s0x3442a934a9a3e25f:0x2e969f59f5fc9b3a,中式,民眾台8線,是,36.54,120,
小南門福州傻瓜乾麵 延平總店,100台灣臺北市中正區南門里延平南路153號,https://www.google.com/maps/place/%E5%B0%8F%E5%8D%97%E9%96%80%E7%A6%8F%E5%B7%9E%E5%82%BB%E7%93%9C%E4%B9%BE%E9%BA%B5+%E5%BB%B6%E5%B9%B3%E7%B8%BD%E5%BA%97/data=!4m2!3m1!1s0x3442a9a6b7668e21:0x8b5fcd648b9a5f9,中式,民眾台8線,是,59.13,120,
樺林乾麵,100台灣臺北市中正區建國里中華路一段91巷15號,https://www.google.com/maps/place/%E6%A8%BA%E6%9E%97%E4%B9%BE%E9%BA%B5/data=!4m2!3m1!1s0x3442a9a731467967:0xf251188d2d91cc6b,中式,民眾台8線,是,59.26,120,
忠貞新村文化園區,324台灣桃園市平鎮區中山路70號,https://www.google.com/maps/place/%E5%BF%A0%E8%B2%9E%E6%96%B0%E6%9D%91%E6%96%87%E5%8C%96%E5%9C%92%E5%8D%80/data=!4m2!3m1!1s0x3468237973bcbd61:0x71ce769cf6b50f0,其他,民眾台八線,是,30.93,150,
居和熹湯包,114台灣臺北市內湖區港富里內湖路一段737巷71號,https://www.google.com/maps/place/%E5%B1%85%E5%92%8C%E7%86%B9%E6%B9%AF%E5%8C%85/data=!4m2!3m1!1s0x3442ac617c454577:0x7d1ad4f0afe9aaad,中式,民眾台八線,是,67.82,120,
阿美米干 旗艦店,324台灣桃園市平鎮區中山路142號,https://www.google.com/maps/place/%E9%98%BF%E7%BE%8E%E7%B1%B3%E5%B9%B2+%E6%97%97%E8%89%A6%E5%BA%97/data=!4m2!3m1!1s0x3468228740b8e437:0x57afddcfc79e7127,其他,民眾台八線,是,31.03,150,
阿美米干 中壢店,320台灣桃園市中壢區舊明里中正路370號1樓,https://www.google.com/maps/place/%E9%98%BF%E7%BE%8E%E7%B1%B3%E5%B9%B2+%E4%B8%AD%E5%A3%A2%E5%BA%97/data=!4m2!3m1!1s0x3468230034e58693:0xbc79f5ed70770f3f,其他,民眾台八線,是,28.99,150,
夾子園新竹旗艦店,300台灣新竹市東區三民里民權路31號,https://www.google.com/maps/place/%E5%A4%BE%E5%AD%90%E5%9C%92%E6%96%B0%E7%AB%B9%E6%97%97%E8%89%A6%E5%BA%97/data=!4m2!3m1!1s0x3468351c9a7cfc45:0x5fb528a7d0f4fd4e,其他,民眾台八線,是,1.15,150,常設展
夾子園 X 彈珠園平鎮旗艦店,324台灣桃園市平鎮區復興里環南路140號,https://www.google.com/maps/place/%E5%A4%BE%E5%AD%90%E5%9C%92+X+%E5%BD%88%E7%8F%A0%E5%9C%92%E5%B9%B3%E9%8E%AE%E6%97%97%E8%89%A6%E5%BA%97/data=!4m2!3m1!1s0x3468230071d9bf51:0x9e3f983b0c109a3d,其他,民眾台八線,是,28.03,150,常設展
老巷小館,320台灣桃園市中壢區中榮里中正路243號,https://www.google.com/maps/place/%E8%80%81%E5%B7%B7%E5%B0%8F%E9%A4%A8/data=!4m2!3m1!1s0x3468224ba9bd69a3:0x77a25ef921d3835d,其他,民眾台八線,是,29.25,150,
臺北流行音樂中心文化館,11561台灣臺北市南港區新光里忠孝東路七段99號,https://www.google.com/maps/place/%E8%87%BA%E5%8C%97%E6%B5%81%E8%A1%8C%E9%9F%B3%E6%A8%82%E4%B8%AD%E5%BF%83%E6%96%87%E5%8C%96%E9%A4%A8/data=!4m2!3m1!1s0x3442abe922e0b88d:0x7307251b3351acd4,其他,民眾台八線,是,68.14,未知,常設展
莓圃草莓園,114台灣臺北市內湖區碧山里碧山路38-2號,https://www.google.com/maps/place/%E8%8E%93%E5%9C%83%E8%8D%89%E8%8E%93%E5%9C%92/data=!4m2!3m1!1s0x3442acfc2becb07b:0xd96b3b24aa42b4c9,義式,民眾台八線,是,69.7,350,"冬天採草莓/偷偷醬/酸辣甜草莓醬
草莓冰沙/草莓披薩"
內湖 碧山巖,114台灣臺北市內湖區碧山里碧山路24號,https://www.google.com/maps/place/%E5%85%A7%E6%B9%96+%E7%A2%A7%E5%B1%B1%E5%B7%96/data=!4m2!3m1!1s0x3442acf97b3f740b:0x1309b487db374c80,其他,民眾台八線,是,69.34,150,
碧山巖藝文休閒中心,114台灣臺北市內湖區碧山里碧山路24號,https://www.google.com/maps/place/%E7%A2%A7%E5%B1%B1%E5%B7%96%E8%97%9D%E6%96%87%E4%BC%91%E9%96%92%E4%B8%AD%E5%BF%83/data=!4m2!3m1!1s0x3442ad8c71d8cb2d:0x7be5c4285489790a,其他,民眾台八線,是,69.34,未知,
小頭什錦海鮮麵粥品（內湖737夜市）,114台灣臺北市內湖區內湖路一段737巷12號,https://www.google.com/maps/place/%E5%B0%8F%E9%A0%AD%E4%BB%80%E9%8C%A6%E6%B5%B7%E9%AE%AE%E9%BA%B5%E7%B2%A5%E5%93%81%EF%BC%88%E5%85%A7%E6%B9%96737%E5%A4%9C%E5%B8%82%EF%BC%89/data=!4m2!3m1!1s0x3442ad92e528c16d:0xa3e2eb8c153b6a2,中式,民眾台八線,是,67.65,450,
老家餡餅 內湖737店,114台灣臺北市內湖區港富里內湖路一段737巷12號,https://www.google.com/maps/place/%E8%80%81%E5%AE%B6%E9%A4%A1%E9%A4%85+%E5%85%A7%E6%B9%96737%E5%BA%97/data=!4m2!3m1!1s0x3442ac63bbf119d5:0x2daea7ed80ed7bb6,其他,民眾台八線,是,67.65,150,
大陳記古早味麵店,114台灣臺北市內湖區港富里內湖路一段737巷18號,https://www.google.com/maps/place/%E5%A4%A7%E9%99%B3%E8%A8%98%E5%8F%A4%E6%97%A9%E5%91%B3%E9%BA%B5%E5%BA%97/data=!4m2!3m1!1s0x3442ac63bd91ff93:0x1927755fe916fe20,中式,民眾台八線,是,67.65,120,
壺茶車 Pot Tea King,114台灣臺北市內湖區港富里內湖路一段737巷39號,https://www.google.com/maps/place/%E5%A3%BA%E8%8C%B6%E8%BB%8A+Pot+Tea+King/data=!4m2!3m1!1s0x3442ac63c72b17dd:0xbf356255b03abecd,其他,民眾台八線,是,67.72,150,
芳苑燈塔,528台灣彰化縣芳苑鄉王功村漁港七路146號,https://www.google.com/maps/place/%E8%8A%B3%E8%8B%91%E7%87%88%E5%A1%94/data=!4m2!3m1!1s0x3469521703395c99:0x3b575e93fb291dd9,其他,民眾台八線,是,114.67,150,
榕樹下煎餅,510台灣彰化縣員林市萬年里員水路二段133號,https://www.google.com/maps/place/%E6%A6%95%E6%A8%B9%E4%B8%8B%E7%85%8E%E9%A4%85/data=!4m2!3m1!1s0x34693743aabb3c03:0x3386925bda50a207,其他,民眾台八線,是,103.48,150,
西海峽灣,528台灣彰化縣芳苑鄉芳中村博愛路12號,https://www.google.com/maps/place/%E8%A5%BF%E6%B5%B7%E5%B3%BD%E7%81%A3/data=!4m2!3m1!1s0x346952ebe7bd937d:0x28da801109ad93f1,其他,民眾台八線,是,119.32,150,
台南武廟肉圓,700台灣臺南市中西區南美里永福路二段194號,https://www.google.com/maps/place/%E5%8F%B0%E5%8D%97%E6%AD%A6%E5%BB%9F%E8%82%89%E5%9C%93/data=!4m2!3m1!1s0x346e7663d5b3bac9:0x992fea426d702df0,其他,民眾台八線,是,217.04,未知,
武廟 碳烤三明治,700台灣臺南市中西區天后里永福路二段223號,https://www.google.com/maps/place/%E6%AD%A6%E5%BB%9F+%E7%A2%B3%E7%83%A4%E4%B8%89%E6%98%8E%E6%B2%BB/data=!4m2!3m1!1s0x346e7663d5a343f5:0xe1bc9f88c35fba,其他,民眾台八線,是,217.03,未知,
義豐阿川冬瓜茶,700台灣臺南市中西區南美里永福路二段190號,https://www.google.com/maps/place/%E7%BE%A9%E8%B1%90%E9%98%BF%E5%B7%9D%E5%86%AC%E7%93%9C%E8%8C%B6/data=!4m2!3m1!1s0x346e76618109e70d:0x1361ef9f81330c2e,其他,民眾台八線,是,217.05,150,
阿興虱目魚,704台灣臺南市北區文賢里文賢路311號,https://www.google.com/maps/place/%E9%98%BF%E8%88%88%E8%99%B1%E7%9B%AE%E9%AD%9A/data=!4m2!3m1!1s0x346e765d484e12bb:0x90d05828f2160ca6,其他,民眾台八線,是,216.28,150,
阿美綠豆湯,700台灣臺南市中西區五條港里西門路二段395號,https://www.google.com/maps/place/%E9%98%BF%E7%BE%8E%E7%B6%A0%E8%B1%86%E6%B9%AF/data=!4m2!3m1!1s0x346e76959f4ce97d:0x26698cb03b68afd3,中式,民眾台八線,是,216.82,120,
十鼓文創園區,71755台灣臺南市仁德區成功里文華路二段326號,https://www.google.com/maps/place/%E5%8D%81%E9%BC%93%E6%96%87%E5%89%B5%E5%9C%92%E5%8D%80/data=!4m2!3m1!1s0x346e74697afd4303:0xe76eda38e5955400,其他,民眾台八線,是,221.93,150,
BOBO PIZZA 法式披薩專賣店,260台灣宜蘭縣宜蘭市神農里中山路二段426號,https://www.google.com/maps/place/BOBO+PIZZA+%E6%B3%95%E5%BC%8F%E6%8A%AB%E8%96%A9%E5%B0%88%E8%B3%A3%E5%BA%97/data=!4m2!3m1!1s0x3467e56cd3a97eb9:0xf615c0b25e3773c7,義式,民眾台八線,是,79.08,350,
冬山河親水公園,268台灣宜蘭縣五結鄉協和村親河路二段2號,https://www.google.com/maps/place/%E5%86%AC%E5%B1%B1%E6%B2%B3%E8%A6%AA%E6%B0%B4%E5%85%AC%E5%9C%92/data=!4m2!3m1!1s0x3467ef554a116ed3:0x475d5189ca48fbf7,其他,民眾台八線,是,86.18,未知,
蔥仔寮體驗農場,266台灣宜蘭縣三星鄉天福村東興路13-2號,https://www.google.com/maps/place/%E8%94%A5%E4%BB%94%E5%AF%AE%E9%AB%94%E9%A9%97%E8%BE%B2%E5%A0%B4/data=!4m2!3m1!1s0x34680a8103a4e1b5:0x39fc2ab37557a8e6,其他,民眾台八線,是,67.78,150,
嘉福食堂,300台灣新竹市北區南寮里南寮街207號,https://www.google.com/maps/place/%E5%98%89%E7%A6%8F%E9%A3%9F%E5%A0%82/data=!4m2!3m1!1s0x346835e49b887f6d:0x88594d3d605c72b8,中式,民眾台八線,是,5.75,120,
切仔麵攤車,300台灣新竹市北區潛園里西大路507號,https://www.google.com/maps/place/%E5%88%87%E4%BB%94%E9%BA%B5%E6%94%A4%E8%BB%8A/data=!4m2!3m1!1s0x346835bfb82616bf:0x68b20674380eef59,中式,消夜,是,1.6,120,
大安米粉湯,106台灣臺北市大安區龍淵里復興南路二段316號,https://www.google.com/maps/place/%E5%A4%A7%E5%AE%89%E7%B1%B3%E7%B2%89%E6%B9%AF/data=!4m2!3m1!1s0x3442ab0004d737b3:0xf2139dfbccdce738,中式,米粉湯,是,61.89,120,
合發米粉湯,115台灣臺北市南港區新富里富康街80號,https://www.google.com/maps/place/%E5%90%88%E7%99%BC%E7%B1%B3%E7%B2%89%E6%B9%AF/data=!4m2!3m1!1s0x3442ab575f123b03:0x705db101c8773a27,中式,米粉湯,是,69.99,120,
葫蘆仔米粉湯,300台灣新竹市北區金華里經國路一段454巷90號,https://www.google.com/maps/place/%E8%91%AB%E8%98%86%E4%BB%94%E7%B1%B3%E7%B2%89%E6%B9%AF/data=!4m2!3m1!1s0x3442a9b1e1f2b033:0xbd0681d9818060d7,中式,米粉湯,是,0.48,120,
龍口米苔目米粉湯,100台灣臺北市中正區永昌里汀州路一段224號,https://www.google.com/maps/place/%E9%BE%8D%E5%8F%A3%E7%B1%B3%E8%8B%94%E7%9B%AE%E7%B1%B3%E7%B2%89%E6%B9%AF/data=!4m2!3m1!1s0x3442a9bcbf5b49c5:0x566a8ddad8c0e2b2,中式,米粉湯,是,58.97,120,
胡饕米粉湯55年老店(昆明店)台北美食 台北小吃 萬華美食 萬華小吃 西門美食 西門小吃,108台灣臺北市萬華區西門里昆明街85之1號,https://www.google.com/maps/place/%E8%83%A1%E9%A5%95%E7%B1%B3%E7%B2%89%E6%B9%AF55%E5%B9%B4%E8%80%81%E5%BA%97(%E6%98%86%E6%98%8E%E5%BA%97)%E5%8F%B0%E5%8C%97%E7%BE%8E%E9%A3%9F+%E5%8F%B0%E5%8C%97%E5%B0%8F%E5%90%83+%E8%90%AC%E8%8F%AF%E7%BE%8E%E9%A3%9F+%E8%90%AC%E8%8F%AF%E5%B0%8F%E5%90%83+%E8%A5%BF%E9%96%80%E7%BE%8E%E9%A3%9F+%E8%A5%BF%E9%96%80%E5%B0%8F%E5%90%83/data=!4m2!3m1!1s0x3442a962975b4901:0x2a6b9fe22ab1761c,中式,米粉湯,是,59.2,120,
華榮街市場米粉湯,111台灣臺北市士林區福佳里福佳里美崙街21號,https://www.google.com/maps/place/%E8%8F%AF%E6%A6%AE%E8%A1%97%E5%B8%82%E5%A0%B4%E7%B1%B3%E7%B2%89%E6%B9%AF/data=!4m2!3m1!1s0x3442aebd02e52353:0x3e7fa821f3804e97,中式,米粉湯,是,62.82,120,
三禾米粉湯,100台灣臺北市中正區東門里林森南路61巷3號,https://www.google.com/maps/place/%E4%B8%89%E7%A6%BE%E7%B1%B3%E7%B2%89%E6%B9%AF/data=!4m2!3m1!1s0x3442a9771d878b1f:0x44b618c0a48b20e8,中式,米粉湯,是,60.67,120,
大稻埕米粉湯 （每日定量｜售完為止）,103台灣臺北市大同區建功里重慶北路一段26巷15號,https://www.google.com/maps/place/%E5%A4%A7%E7%A8%BB%E5%9F%95%E7%B1%B3%E7%B2%89%E6%B9%AF+%EF%BC%88%E6%AF%8F%E6%97%A5%E5%AE%9A%E9%87%8F%EF%BD%9C%E5%94%AE%E5%AE%8C%E7%82%BA%E6%AD%A2%EF%BC%89/data=!4m2!3m1!1s0x3442a912c6a83993:0xd09cf07bddcbeb2a,中式,米粉湯,是,60.33,120,
涼州街無名涼麵,103台灣臺北市大同區民權里民權西路144巷15之1號,https://www.google.com/maps/place/%E6%B6%BC%E5%B7%9E%E8%A1%97%E7%84%A1%E5%90%8D%E6%B6%BC%E9%BA%B5/data=!4m2!3m1!1s0x3442a94075a5d1d9:0xc788b9d88ee1ba5a,中式,米粉湯,是,61.13,120,
好款姨米粉湯,108台灣臺北市萬華區青山里青山里華西街30巷10弄,https://www.google.com/maps/place/%E5%A5%BD%E6%AC%BE%E5%A7%A8%E7%B1%B3%E7%B2%89%E6%B9%AF/data=!4m2!3m1!1s0x3442a9a9447409fd:0xfc35379ade834209,中式,米粉湯,是,58.42,120,
菜園上海餐廳,300台灣新竹市東區錦華里東大路一段136號,https://www.google.com/maps/place/%E8%8F%9C%E5%9C%92%E4%B8%8A%E6%B5%B7%E9%A4%90%E5%BB%B3/data=!4m2!3m1!1s0x346835c46b204f45:0x5ee9cd90836774b4,其他,走著走著,是,0.86,150,
關西囍冰室（公休請搜尋臉書）,306台灣新竹縣關西鎮東興里中山路27號,https://www.google.com/maps/place/%E9%97%9C%E8%A5%BF%E5%9B%8D%E5%86%B0%E5%AE%A4%EF%BC%88%E5%85%AC%E4%BC%91%E8%AB%8B%E6%90%9C%E5%B0%8B%E8%87%89%E6%9B%B8%EF%BC%89/data=!4m2!3m1!1s0x34683ecea17eef57:0xc4be44b2a692b69c,其他,關西-波妞,是,20.72,150,仙草凍
關西牛肉捲餅,306台灣新竹縣關西鎮北斗里南京路10號,https://www.google.com/maps/place/%E9%97%9C%E8%A5%BF%E7%89%9B%E8%82%89%E6%8D%B2%E9%A4%85/data=!4m2!3m1!1s0x34683ecea8f97635:0x50c0563eb417f0d9,其他,關西-波妞,是,20.73,150,牛肉捲餅
關西無名麵攤,306台灣新竹縣關西鎮惠愛路一號,https://www.google.com/maps/place/%E9%97%9C%E8%A5%BF%E7%84%A1%E5%90%8D%E9%BA%B5%E6%94%A4/data=!4m2!3m1!1s0x34683f48c887dc2f:0x9e69e532d019863a,中式,關西-波妞,是,20.57,120,紅油餛飩
日禾六一四,306台灣新竹縣關西鎮南雄里中正路111號,https://www.google.com/maps/place/%E6%97%A5%E7%A6%BE%E5%85%AD%E4%B8%80%E5%9B%9B/data=!4m2!3m1!1s0x34683fa2b3637035:0x5c61c31de03fb3b8,其他,關西-波妞,是,20.66,150,客家菜、客家麻糬
關西楊媽媽客家美食,306台灣新竹縣關西鎮東興里大同路30號,https://www.google.com/maps/place/%E9%97%9C%E8%A5%BF%E6%A5%8A%E5%AA%BD%E5%AA%BD%E5%AE%A2%E5%AE%B6%E7%BE%8E%E9%A3%9F/data=!4m2!3m1!1s0x34683f01d39a0659:0xf85d95a113189a6f,其他,關西-波妞,是,20.72,150,蘿蔔糕
欣園客家美食坊-客家菜包 （欣客園客家菜包）,306台灣新竹縣關西鎮東安里中豐新路135號,https://www.google.com/maps/place/%E6%AC%A3%E5%9C%92%E5%AE%A2%E5%AE%B6%E7%BE%8E%E9%A3%9F%E5%9D%8A-%E5%AE%A2%E5%AE%B6%E8%8F%9C%E5%8C%85+%EF%BC%88%E6%AC%A3%E5%AE%A2%E5%9C%92%E5%AE%A2%E5%AE%B6%E8%8F%9C%E5%8C%85%EF%BC%89/data=!4m2!3m1!1s0x34683ec66d9b4b11:0x27fb43a41bd66ba,中式,關西-波妞,是,21.43,120,菜包
中華菜包,306台灣新竹縣關西鎮中豐新路,https://www.google.com/maps/place/%E4%B8%AD%E8%8F%AF%E8%8F%9C%E5%8C%85/data=!4m2!3m1!1s0x34683eb8caa0caf9:0x9480f250b3f147e7,中式,關西-波妞,是,21.57,120,
源式仙草,306台灣新竹縣關西鎮北斗里南京路20號,https://www.google.com/maps/place/%E6%BA%90%E5%BC%8F%E4%BB%99%E8%8D%89/data=!4m2!3m1!1s0x34683ecc1a99e48f:0xa62aab1c513401c9,其他,關西-波妞,是,20.66,150,
犂園湯包館,10550台灣臺北市松山區中正里南京東路三段256巷24號,https://www.google.com/maps/place/%E7%8A%82%E5%9C%92%E6%B9%AF%E5%8C%85%E9%A4%A8/data=!4m2!3m1!1s0x3442abddbaccd7d5:0x1f6ac074ca937074,中式,黃仁勳來台,是,63.21,120,
豆花莊,103台灣臺北市大同區雙連里寧夏路49號,https://www.google.com/maps/place/%E8%B1%86%E8%8A%B1%E8%8E%8A/data=!4m2!3m1!1s0x3442a96ac201a925:0x60c17d7623069c74,其他,黃仁勳來台,是,60.87,150,
廚房客家美食,105台灣臺北市松山區中正里敦化北路120巷20號,https://www.google.com/maps/place/%E5%BB%9A%E6%88%BF%E5%AE%A2%E5%AE%B6%E7%BE%8E%E9%A3%9F/data=!4m2!3m1!1s0x3442abe7cc65d1c3:0x8545435398ef633c,其他,黃仁勳來台,是,63.62,150,
